"BuildNumber","BuildID","BuildDate","WorkItemCompletionPct","VerificationCoveragePct","ShipReadinessPct","StaleVerificationPct","ReadinessGapVsReported"
"40","B-040","2025-10-06","84.11","27.17","4.63","69.89","79.48"
"44","B-044","2025-11-03","87.32","30.06","2.85","84.62","84.47"
"48","B-048","2025-12-01","85.86","33.72","2.85","78.38","83.01"
"52","B-052","2025-12-29","86.64","36.80","6.05","72.58","80.59"
"56","B-056","2026-01-26","87.39","39.69","7.47","72.06","79.92"
"60","B-060","2026-02-23","87.45","41.43","1.78","90.71","85.67"
"64","B-064","2026-03-23","87.70","43.74","4.27","84.62","83.43"
"68","B-068","2026-04-20","87.01","46.05","3.56","86.83","83.45"
"72","B-072","2026-05-18","87.98","54.72","4.63","83.77","83.35"
"76","B-076","2026-06-15","89.18","71.68","19.93","53.17","69.25"
"80","B-080","2026-07-13","90.01","71.68","10.68","75.79","79.33"
"84","B-084","2026-08-10","93.31","84.39","25.62","51.32","67.69"
"88","B-088","2026-09-07","93.86","96.53","51.96","24.48","41.90"
