threshold,population,failures,alerts,tp,fp,fn,tn,actionable_tp,late_tp,precision_pct,recall_pct,actionable_lead_time_pct,preventable_failure_pct,median_lead_time_flight_hours,feature_set
0.05,221,90,105,90,15,0,116,90,0,85.71,100.0,100.0,100.0,43.5,both
0.1,221,90,103,90,13,0,118,90,0,87.38,100.0,100.0,100.0,42.36,both
0.15,221,90,99,90,9,0,122,90,0,90.91,100.0,100.0,100.0,40.58,both
0.2,221,90,98,90,8,0,123,90,0,91.84,100.0,100.0,100.0,40.08,both
0.25,221,90,98,90,8,0,123,90,0,91.84,100.0,100.0,100.0,39.84,both
0.3,221,90,97,90,7,0,124,90,0,92.78,100.0,100.0,100.0,39.33,both
0.35,221,90,96,90,6,0,125,90,0,93.75,100.0,100.0,100.0,39.08,both
0.4,221,90,96,90,6,0,125,90,0,93.75,100.0,100.0,100.0,39.02,both
0.45,221,90,95,90,5,0,126,90,0,94.74,100.0,100.0,100.0,38.9,both
0.5,221,90,95,90,5,0,126,90,0,94.74,100.0,100.0,100.0,38.55,both
0.55,221,90,94,90,4,0,127,90,0,95.74,100.0,100.0,100.0,38.11,both
0.6,221,90,94,90,4,0,127,90,0,95.74,100.0,100.0,100.0,37.81,both
0.65,221,90,93,90,3,0,128,90,0,96.77,100.0,100.0,100.0,37.55,both
0.7,221,90,93,90,3,0,128,90,0,96.77,100.0,100.0,100.0,36.91,both
0.75,221,90,93,90,3,0,128,90,0,96.77,100.0,100.0,100.0,36.75,both
0.8,221,90,92,90,2,0,129,90,0,97.83,100.0,100.0,100.0,36.75,both
0.85,221,90,92,90,2,0,129,90,0,97.83,100.0,100.0,100.0,35.31,both
0.9,221,90,92,90,2,0,129,90,0,97.83,100.0,100.0,100.0,34.56,both
0.95,221,90,92,90,2,0,129,90,0,97.83,100.0,100.0,100.0,33.48,both
