"PriorityRank","CollectorRank","CustomerID","CustomerName","Segment","Region","RiskTier","CollectorID","CollectorName","Team","TermsCode","OpenBalance","PastDueBalance","Balance90Plus","DisputedBalance","WeightedExposure","DisputedWeightedExposure","CollectableExposure","NetCollectablePosition","IsFullyOffsetByCash","OldestDaysPastDue","CreditUtilizationPct","AvgDaysLateHistoric","UnappliedCash","NetExposure","BrokenPromises90d","ActionCode","CreditHoldFlag","IsTodaysWorklist","RecommendedAction"
"1","1","C0351","Ironbridge Components","OEM Manufacturer","Midwest","High","COL-01","Priya Natarajan","Strategic Accounts","NET45","171140.07","132293.14","0.00","15640.04","64535.33","606.04","57024.44","57024.44","0","90","38.03","79.4","7056.36","164083.71","2","ESCALATE","0","1","Escalate: high-risk account carrying a 90+ balance. Hold further shipments and agree a payment plan or refer for recovery."
"2","1","C0366","Westbrook Industries - West","OEM Manufacturer","West","Medium","COL-02","Marcus Bell","Strategic Accounts","NET60","122327.81","82857.53","0.00","0.00","37750.08","0.00","37750.08","37750.08","0","68","38.23","65.1","0.00","122327.81","0","COLLECTION_CALL","0","1","Collection call: oldest item is more than 30 days past due."
"3","1","C0302","Crestview Contracting - Northeast 3","Contractor","Northeast","High","COL-04","Tomas Okafor","Commercial","2/10NET30","60651.51","52023.36","19027.82","0.00","37672.10","0.00","37672.10","37672.10","0","139","48.52","8.2","0.00","60651.51","9","ESCALATE","0","1","Escalate: high-risk account carrying a 90+ balance. Hold further shipments and agree a payment plan or refer for recovery."
"4","2","C0232","Titan Builders - Southwest","Contractor","Southwest","High","COL-04","Tomas Okafor","Commercial","2/10NET30","60280.90","48278.00","24426.90","0.00","35663.13","0.00","35663.13","35663.13","0","147","57.41","8.4","0.00","60280.90","7","ESCALATE","0","1","Escalate: high-risk account carrying a 90+ balance. Hold further shipments and agree a payment plan or refer for recovery."
"5","1","C0386","Bluewater Electric","Contractor","West","High","COL-03","Elena Ruiz","Commercial","NET60","76941.41","46413.57","10287.08","0.00","32793.73","0.00","32793.73","32793.73","0","120","76.94","27.5","0.00","76941.41","10","ESCALATE","0","1","Escalate: high-risk account carrying a 90+ balance. Hold further shipments and agree a payment plan or refer for recovery."
"6","2","C0324","Pioneer Construction","Contractor","Southeast","High","COL-03","Elena Ruiz","Commercial","2/10NET30","65460.37","51420.43","18333.73","7692.27","32505.02","0.00","32505.02","32505.02","0","140","45.15","17.1","0.00","65460.37","9","ESCALATE","0","1","Escalate: high-risk account carrying a 90+ balance. Hold further shipments and agree a payment plan or refer for recovery."
"7","2","C0059","Apex Mechanical","Contractor","Midwest","High","COL-02","Marcus Bell","Strategic Accounts","NET30","53593.68","45881.37","16968.16","0.00","31940.25","0.00","31940.25","31940.25","0","143","35.73","26.0","0.00","53593.68","8","ESCALATE","0","1","Escalate: high-risk account carrying a 90+ balance. Hold further shipments and agree a payment plan or refer for recovery."
"8","3","C0031","Stonegate Machine Works","OEM Manufacturer","Northeast","Low","COL-02","Marcus Bell","Strategic Accounts","NET60","150926.78","85720.95","1675.15","0.00","33193.06","0.00","31517.91","31517.91","0","274","29.31","59.3","1675.15","149251.63","0","FINAL_NOTICE","0","1","Issue a final notice on the 90+ balance and confirm a payment date in writing."
"9","3","C0271","Riverbend Electric - Midwest 3","Contractor","Midwest","High","COL-03","Elena Ruiz","Commercial","2/10NET30","59342.10","46818.72","14609.63","0.00","27084.27","0.00","27084.27","27084.27","0","140","42.39","10.9","0.00","59342.10","7","ESCALATE","0","1","Escalate: high-risk account carrying a 90+ balance. Hold further shipments and agree a payment plan or refer for recovery."
"10","3","C0297","Apex Mechanical - Southeast 3","Contractor","Southeast","High","COL-04","Tomas Okafor","Commercial","NET30","31830.69","28601.28","26001.78","0.00","27073.54","0.00","27073.54","27073.54","0","138","106.10","32.3","0.00","31830.69","5","ESCALATE","1","1","Escalate: high-risk account carrying a 90+ balance. Hold further shipments and agree a payment plan or refer for recovery. Also place a credit hold: the account is at or over its credit limit."
"11","4","C0132","Keystone Contracting","Contractor","West","High","COL-04","Tomas Okafor","Commercial","NET60","84970.22","41199.26","9337.53","0.00","25099.35","0.00","25099.35","25099.35","0","122","80.92","24.2","0.00","84970.22","10","ESCALATE","0","1","Escalate: high-risk account carrying a 90+ balance. Hold further shipments and agree a payment plan or refer for recovery."
"12","4","C0094","Bluewater Industries - Southeast","OEM Manufacturer","Southeast","Low","COL-02","Marcus Bell","Strategic Accounts","NET45","125485.34","87648.64","0.00","17811.56","27862.93","4216.65","24700.44","24700.44","0","69","23.46","58.6","0.00","125485.34","0","COLLECTION_CALL","0","1","Collection call: oldest item is more than 30 days past due."
"13","5","C0364","Redline Industries - Northeast","OEM Manufacturer","Northeast","Low","COL-02","Marcus Bell","Strategic Accounts","NET45","152726.53","58576.86","0.00","0.00","21504.84","0.00","21504.84","21504.84","0","44","45.59","55.7","0.00","152726.53","0","COLLECTION_CALL","0","1","Collection call: oldest item is more than 30 days past due."
"14","2","C0164","Lakeshore Fabrication","OEM Manufacturer","Southwest","Medium","COL-01","Priya Natarajan","Strategic Accounts","NET45","127031.86","51164.87","0.00","15908.30","20707.50","0.00","20707.50","20707.50","0","47","52.93","67.8","0.00","127031.86","0","COLLECTION_CALL","0","1","Collection call: oldest item is more than 30 days past due."
"15","6","C0255","Riverbend Fabrication","OEM Manufacturer","Southwest","Low","COL-02","Marcus Bell","Strategic Accounts","NET60","90154.01","52664.06","0.00","9987.40","15834.62","2496.85","13961.98","13961.98","0","47","36.80","59.9","0.00","90154.01","0","COLLECTION_CALL","0","1","Collection call: oldest item is more than 30 days past due."
"16","3","C0275","Cedar Ridge Machine Works - Southwest","OEM Manufacturer","Southwest","High","COL-01","Priya Natarajan","Strategic Accounts","NET60","159690.80","50936.25","0.00","0.00","12734.06","0.00","12734.06","12734.06","0","18","29.85","24.1","0.00","159690.80","0","STANDARD_DUNNING","0","1","Standard dunning letter and follow-up call."
"17","5","C0277","Lakeshore Construction - West","Contractor","West","High","COL-04","Tomas Okafor","Commercial","2/10NET30","24570.62","16849.82","8126.02","0.00","12487.92","0.00","12487.92","12487.92","0","111","98.28","9.2","0.00","24570.62","1","ESCALATE","0","1","Escalate: high-risk account carrying a 90+ balance. Hold further shipments and agree a payment plan or refer for recovery."
"18","4","C0042","Bluewater Industries","OEM Manufacturer","Southwest","High","COL-01","Priya Natarajan","Strategic Accounts","NET60","93887.29","53541.39","3658.04","0.00","16128.88","0.00","12470.84","12470.84","0","502","26.45","24.4","3658.04","90229.25","0","ESCALATE","0","1","Escalate: high-risk account carrying a 90+ balance. Hold further shipments and agree a payment plan or refer for recovery."
"19","5","C0074","Frontier Fabrication","OEM Manufacturer","Southeast","Medium","COL-01","Priya Natarajan","Strategic Accounts","NET45","116620.23","44023.40","0.00","11224.60","11005.85","0.00","11005.85","11005.85","0","4","19.44","15.5","0.00","116620.23","0","STANDARD_DUNNING","0","1","Standard dunning letter and follow-up call."
"20","7","C0359","Stonegate Fabrication - West","OEM Manufacturer","West","High","COL-02","Marcus Bell","Strategic Accounts","NET60","75601.21","47161.13","3522.98","0.00","14432.52","0.00","10909.54","10909.54","0","277","19.90","21.6","3522.98","72078.23","0","ESCALATE","0","1","Escalate: high-risk account carrying a 90+ balance. Hold further shipments and agree a payment plan or refer for recovery."
"21","6","C0329","Northfield School District - Midwest","Institutional","Midwest","Low","COL-01","Priya Natarajan","Strategic Accounts","NET90","65440.55","31983.14","0.00","0.00","7995.79","0.00","7995.79","7995.79","0","24","28.45","19.4","0.00","65440.55","0","STANDARD_DUNNING","0","1","Standard dunning letter and follow-up call."
"22","7","C0163","Keystone Fabrication","OEM Manufacturer","Midwest","Medium","COL-01","Priya Natarajan","Strategic Accounts","NET60","93975.84","36293.49","6170.49","9126.86","13701.24","0.00","7530.75","7530.75","0","102","15.66","12.5","6170.49","87805.35","1","FINAL_NOTICE","0","1","Issue a final notice on the 90+ balance and confirm a payment date in writing."
"23","8","C0048","Stonegate Industries","OEM Manufacturer","Northeast","Medium","COL-01","Priya Natarajan","Strategic Accounts","NET45","78932.51","29973.52","1838.06","0.00","8871.93","0.00","7033.87","7033.87","0","185","19.02","14.5","1838.06","77094.45","0","FINAL_NOTICE","0","1","Issue a final notice on the 90+ balance and confirm a payment date in writing."
"24","8","C0377","Northfield Machine Works","OEM Manufacturer","West","High","COL-02","Marcus Bell","Strategic Accounts","NET60","50863.84","21628.98","0.00","16359.42","6762.21","0.00","6762.21","6762.21","0","33","31.79","23.6","0.00","50863.84","0","RESOLVE_DISPUTE","0","1","Route to billing/sales: most of this balance is disputed and will not pay until the dispute closes."
"25","9","C0279","Ironbridge Medical Center - Northeast","Institutional","Northeast","Low","COL-02","Marcus Bell","Strategic Accounts","NET90","44688.48","25939.03","0.00","0.00","6484.76","0.00","6484.76","6484.76","0","20","28.83","20.0","0.00","44688.48","0","STANDARD_DUNNING","0","1","Standard dunning letter and follow-up call."
"26","9","C0226","Lakeshore Industries","OEM Manufacturer","Midwest","Medium","COL-01","Priya Natarajan","Strategic Accounts","NET60","72568.38","26820.84","4228.56","1692.77","10043.11","0.00","5814.55","5814.55","0","278","17.70","12.9","4228.56","68339.82","0","FINAL_NOTICE","0","1","Issue a final notice on the 90+ balance and confirm a payment date in writing."
"27","10","C0231","Silverline Components - Northeast","OEM Manufacturer","Northeast","Medium","COL-01","Priya Natarajan","Strategic Accounts","NET60","61259.17","19774.86","0.00","0.00","5618.91","0.00","5618.91","5618.91","0","37","20.08","11.8","0.00","61259.17","0","COLLECTION_CALL","0","1","Collection call: oldest item is more than 30 days past due."
"28","11","C0190","Harbor Fabrication","OEM Manufacturer","West","Medium","COL-01","Priya Natarajan","Strategic Accounts","NET45","103438.85","34815.87","12428.36","0.00","18025.24","0.00","5596.88","5596.88","0","656","17.83","11.8","12428.36","91010.49","0","FINAL_NOTICE","0","0","Issue a final notice on the 90+ balance and confirm a payment date in writing."
"29","10","C0349","Granite Manufacturing","OEM Manufacturer","Northeast","High","COL-02","Marcus Bell","Strategic Accounts","NET60","125695.79","49623.92","13478.79","11376.55","22763.21","0.00","5487.97","5487.97","0","289","25.65","22.8","17275.24","108420.55","0","ESCALATE","0","1","Escalate: high-risk account carrying a 90+ balance. Hold further shipments and agree a payment plan or refer for recovery."
"30","12","C0079","Cedar Ridge Machine Works","OEM Manufacturer","West","Low","COL-01","Priya Natarajan","Strategic Accounts","NET60","85429.68","20528.43","5393.12","0.00","10177.45","0.00","4784.33","4784.33","0","128","15.39","4.6","5393.12","80036.56","0","FINAL_NOTICE","0","0","Issue a final notice on the 90+ balance and confirm a payment date in writing."
"31","4","C0088","Westbrook Builders - West","Contractor","West","High","COL-03","Elena Ruiz","Commercial","NET60","41775.73","14282.11","0.00","0.00","4395.41","0.00","4395.41","4395.41","0","47","28.81","22.7","0.00","41775.73","0","COLLECTION_CALL","0","1","Collection call: oldest item is more than 30 days past due."
"32","13","C0068","Harbor Industries","OEM Manufacturer","Southwest","High","COL-01","Priya Natarajan","Strategic Accounts","NET60","150420.44","32505.92","8694.91","6072.76","15517.17","0.00","4212.18","4212.18","0","471","25.07","22.5","11304.99","139115.45","0","ESCALATE","0","1","Escalate: high-risk account carrying a 90+ balance. Hold further shipments and agree a payment plan or refer for recovery."
"33","11","C0121","Apex Manufacturing","OEM Manufacturer","Midwest","Low","COL-02","Marcus Bell","Strategic Accounts","NET60","68171.58","15767.53","0.00","0.00","3941.88","0.00","3941.88","3941.88","0","5","17.71","7.3","0.00","68171.58","0","STANDARD_DUNNING","0","0","Standard dunning letter and follow-up call."
"34","12","C0201","Titan Machine Works","OEM Manufacturer","Southwest","Low","COL-02","Marcus Bell","Strategic Accounts","NET45","98989.55","19830.90","0.00","12695.10","6176.09","3173.78","3795.76","3795.76","0","44","18.86","6.9","0.00","98989.55","1","RESOLVE_DISPUTE","0","0","Route to billing/sales: most of this balance is disputed and will not pay until the dispute closes."
"35","14","C0206","Oakmont Manufacturing","OEM Manufacturer","Southeast","Medium","COL-01","Priya Natarajan","Strategic Accounts","NET60","84060.86","20774.67","5843.74","2945.97","9576.47","0.00","3732.73","3732.73","0","477","14.25","14.0","5843.74","78217.12","0","FINAL_NOTICE","0","0","Issue a final notice on the 90+ balance and confirm a payment date in writing."
"36","15","C0038","Summit Fabrication","OEM Manufacturer","Northeast","High","COL-01","Priya Natarajan","Strategic Accounts","NET45","77044.35","18633.09","4494.00","0.00","8028.77","0.00","3534.77","3534.77","0","268","17.92","26.5","4494.00","72550.35","0","ESCALATE","0","1","Escalate: high-risk account carrying a 90+ balance. Hold further shipments and agree a payment plan or refer for recovery."
"37","16","C0056","Northfield Components - Southwest","OEM Manufacturer","Southwest","Medium","COL-01","Priya Natarajan","Strategic Accounts","NET60","70100.92","14025.85","0.00","0.00","3506.46","0.00","3506.46","3506.46","0","3","29.21","12.8","0.00","70100.92","0","STANDARD_DUNNING","0","0","Standard dunning letter and follow-up call."
"38","13","C0153","Redline Water Authority","Institutional","Southeast","Low","COL-02","Marcus Bell","Strategic Accounts","NET90","18148.57","6941.34","0.00","0.00","3470.67","0.00","3470.67","3470.67","0","31","9.07","24.1","0.00","18148.57","0","COLLECTION_CALL","0","0","Collection call: oldest item is more than 30 days past due."
"39","17","C0063","Oakmont Medical Center","Institutional","Midwest","Low","COL-01","Priya Natarajan","Strategic Accounts","NET90","31260.66","12913.50","0.00","0.00","3228.38","0.00","3228.38","3228.38","0","9","14.89","23.5","0.00","31260.66","0","STANDARD_DUNNING","0","0","Standard dunning letter and follow-up call."
"40","5","C0158","Frontier Mechanical","Contractor","Southeast","High","COL-03","Elena Ruiz","Commercial","NET30","30720.72","11665.34","0.00","6161.75","3197.40","0.00","3197.40","3197.40","0","33","30.72","26.2","0.00","30720.72","0","RESOLVE_DISPUTE","0","1","Route to billing/sales: most of this balance is disputed and will not pay until the dispute closes."
"41","6","C0399","Riverbend Electric - West 5","Contractor","West","Medium","COL-03","Elena Ruiz","Commercial","NET60","44168.19","12244.51","0.00","0.00","3141.64","0.00","3141.64","3141.64","0","33","40.15","13.2","0.00","44168.19","0","COLLECTION_CALL","0","1","Collection call: oldest item is more than 30 days past due."
"42","6","C0023","Harbor Builders","Contractor","West","High","COL-04","Tomas Okafor","Commercial","NET60","45615.67","14979.10","1085.45","1850.58","4558.86","462.65","3126.42","3126.42","0","157","38.01","20.9","1085.45","44530.22","0","ESCALATE","0","1","Escalate: high-risk account carrying a 90+ balance. Hold further shipments and agree a payment plan or refer for recovery."
"43","14","C0050","Redline University Facilities","Institutional","Southeast","Low","COL-02","Marcus Bell","Strategic Accounts","NET60","17260.25","12347.69","0.00","0.00","3086.92","0.00","3086.92","3086.92","0","16","8.85","23.2","0.00","17260.25","0","STANDARD_DUNNING","0","0","Standard dunning letter and follow-up call."
"44","18","C0378","Silverline Fabrication - Southwest","OEM Manufacturer","Southwest","Medium","COL-01","Priya Natarajan","Strategic Accounts","NET45","120937.72","26147.37","10190.22","4987.02","14179.51","1246.76","3054.22","3054.22","0","683","20.67","12.9","10190.22","110747.50","0","FINAL_NOTICE","0","0","Issue a final notice on the 90+ balance and confirm a payment date in writing."
"45","7","C0129","Northfield Builders","Contractor","Northeast","Medium","COL-03","Elena Ruiz","Commercial","NET30","4038.23","4038.23","0.00","0.00","3028.67","0.00","3028.67","3028.67","0","62","3.51","11.2","0.00","4038.23","0","COLLECTION_CALL","0","1","Collection call: oldest item is more than 30 days past due."
"46","7","C0191","Bluewater Builders - Midwest","Contractor","Midwest","High","COL-04","Tomas Okafor","Commercial","NET30","19334.33","11567.79","0.00","0.00","2891.95","0.00","2891.95","2891.95","0","14","42.97","28.7","0.00","19334.33","0","STANDARD_DUNNING","0","1","Standard dunning letter and follow-up call."
"47","15","C0009","Ironbridge Fabrication","OEM Manufacturer","Northeast","Medium","COL-02","Marcus Bell","Strategic Accounts","NET45","155363.14","15639.43","3054.07","1625.91","6200.41","406.48","2841.48","2841.48","0","207","26.33","13.2","3054.07","152309.07","1","FINAL_NOTICE","0","0","Issue a final notice on the 90+ balance and confirm a payment date in writing."
"48","19","C0073","Lakeshore Manufacturing","OEM Manufacturer","Northeast","High","COL-01","Priya Natarajan","Strategic Accounts","NET45","70006.17","11214.84","0.00","0.00","2803.71","0.00","2803.71","2803.71","0","10","23.34","24.6","0.00","70006.17","0","STANDARD_DUNNING","0","0","Standard dunning letter and follow-up call."
"49","1","C0333","Oakmont Maintenance Supply - Southwest","MRO Reseller","Southwest","Medium","COL-05","Grace Lindqvist","Small Business","NET30","7492.13","4052.41","0.00","0.00","2733.93","0.00","2733.93","2733.93","0","76","9.99","14.1","0.00","7492.13","0","COLLECTION_CALL","0","1","Collection call: oldest item is more than 30 days past due."
"50","16","C0146","Harbor Components","OEM Manufacturer","West","Low","COL-02","Marcus Bell","Strategic Accounts","NET45","35409.29","10508.22","0.00","0.00","2627.06","0.00","2627.06","2627.06","0","3","21.46","6.5","0.00","35409.29","0","STANDARD_DUNNING","0","0","Standard dunning letter and follow-up call."
"51","8","C0254","Pioneer Medical Center - West","Institutional","West","Low","COL-03","Elena Ruiz","Commercial","NET90","24404.75","10466.03","0.00","0.00","2616.51","0.00","2616.51","2616.51","0","3","25.69","24.2","0.00","24404.75","0","STANDARD_DUNNING","0","1","Standard dunning letter and follow-up call."
"52","17","C0165","Northfield School District","Institutional","Southeast","Low","COL-02","Marcus Bell","Strategic Accounts","NET60","22083.31","10400.54","0.00","0.00","2600.14","0.00","2600.14","2600.14","0","16","14.72","19.7","0.00","22083.31","0","STANDARD_DUNNING","0","0","Standard dunning letter and follow-up call."
"53","9","C0212","Westbrook Mechanical - Northeast","Contractor","Northeast","Medium","COL-03","Elena Ruiz","Commercial","2/10NET30","14824.21","9094.98","0.00","0.00","2581.02","0.00","2581.02","2581.02","0","40","13.48","-8.1","0.00","14824.21","1","COLLECTION_CALL","0","1","Collection call: oldest item is more than 30 days past due."
"54","8","C0306","Apex Builders - Southwest 3","Contractor","Southwest","Low","COL-04","Tomas Okafor","Commercial","NET60","33086.43","7426.30","0.00","0.00","2509.96","0.00","2509.96","2509.96","0","39","36.76","7.4","0.00","33086.43","0","COLLECTION_CALL","0","1","Collection call: oldest item is more than 30 days past due."
"55","20","C0296","Crestview Manufacturing","OEM Manufacturer","Midwest","Medium","COL-01","Priya Natarajan","Strategic Accounts","NET45","76511.53","9520.63","0.00","1678.33","2380.16","0.00","2380.16","2380.16","0","13","12.97","13.2","0.00","76511.53","0","STANDARD_DUNNING","0","0","Standard dunning letter and follow-up call."
"56","1","C0253","Summit Industrial Supply","MRO Reseller","Southwest","High","COL-06","Sam Horowitz","Small Business","NET30","14636.57","9517.76","0.00","0.00","2379.44","0.00","2379.44","2379.44","0","20","26.61","22.2","0.00","14636.57","0","STANDARD_DUNNING","0","1","Standard dunning letter and follow-up call."
"57","9","C0103","Northfield Electric","Contractor","Southeast","Medium","COL-04","Tomas Okafor","Commercial","NET30","19853.54","15673.92","0.00","8212.75","3918.48","2053.19","2378.59","2378.59","0","10","17.26","16.7","0.00","19853.54","0","RESOLVE_DISPUTE","0","1","Route to billing/sales: most of this balance is disputed and will not pay until the dispute closes."
"58","10","C0228","Granite School District","Institutional","Southeast","Low","COL-04","Tomas Okafor","Commercial","NET60","19661.54","9480.86","0.00","0.00","2370.22","0.00","2370.22","2370.22","0","5","17.87","19.2","0.00","19661.54","0","STANDARD_DUNNING","0","1","Standard dunning letter and follow-up call."
"59","21","C0005","Lakeshore Medical Center","Institutional","West","Low","COL-01","Priya Natarajan","Strategic Accounts","NET90","25208.86","9137.02","0.00","0.00","2284.26","0.00","2284.26","2284.26","0","28","12.93","18.9","0.00","25208.86","0","STANDARD_DUNNING","0","0","Standard dunning letter and follow-up call."
"60","22","C0353","Summit Mechanical - Southwest 3","Contractor","Southwest","High","COL-01","Priya Natarajan","Strategic Accounts","2/10NET30","15991.27","9114.77","0.00","0.00","2278.69","0.00","2278.69","2278.69","0","11","10.66","9.2","0.00","15991.27","0","STANDARD_DUNNING","0","0","Standard dunning letter and follow-up call."
"61","10","C0108","Cedar Ridge Construction - Southeast","Contractor","Southeast","Medium","COL-03","Elena Ruiz","Commercial","NET30","37193.18","9003.44","0.00","0.00","2250.86","0.00","2250.86","2250.86","0","12","27.55","11.8","0.00","37193.18","0","STANDARD_DUNNING","0","1","Standard dunning letter and follow-up call."
"62","11","C0216","Bluewater Construction - West","Contractor","West","Medium","COL-04","Tomas Okafor","Commercial","NET60","25660.94","8427.02","0.00","0.00","2228.32","0.00","2228.32","2228.32","0","36","64.15","14.2","0.00","25660.94","0","COLLECTION_CALL","0","0","Collection call: oldest item is more than 30 days past due."
"63","12","C0210","Harbor Construction - Southwest","Contractor","Southwest","Low","COL-04","Tomas Okafor","Commercial","NET60","34035.98","12020.78","3195.97","0.00","5402.17","0.00","2206.20","2206.20","0","507","42.54","5.7","3195.97","30840.01","0","FINAL_NOTICE","0","0","Issue a final notice on the 90+ balance and confirm a payment date in writing."
"64","18","C0018","Redline Industries","OEM Manufacturer","Northeast","Low","COL-02","Marcus Bell","Strategic Accounts","NET45","117153.76","4336.31","0.00","10110.17","2168.16","0.00","2168.16","2168.16","0","32","26.93","3.7","0.00","117153.76","0","RESOLVE_DISPUTE","0","0","Route to billing/sales: most of this balance is disputed and will not pay until the dispute closes."
"65","19","C0360","Bluewater Medical Center - Northeast","Institutional","Northeast","Medium","COL-02","Marcus Bell","Strategic Accounts","NET90","42547.70","8463.43","0.00","0.00","2115.86","0.00","2115.86","2115.86","0","1","26.59","23.5","0.00","42547.70","0","STANDARD_DUNNING","0","0","Standard dunning letter and follow-up call."
"66","2","C0367","Bluewater Parts & Service - Southeast 5","MRO Reseller","Southeast","Medium","COL-06","Sam Horowitz","Small Business","2/10NET30","20878.73","9622.59","0.00","5443.51","2796.55","939.32","2092.06","2092.06","0","41","19.88","-0.5","0.00","20878.73","0","RESOLVE_DISPUTE","0","1","Route to billing/sales: most of this balance is disputed and will not pay until the dispute closes."
"67","2","C0338","Crestview Supply Co. - Southeast","MRO Reseller","Southeast","Medium","COL-05","Grace Lindqvist","Small Business","NET30","15244.85","8299.14","0.00","0.00","2074.79","0.00","2074.79","2074.79","0","11","30.49","14.0","0.00","15244.85","0","STANDARD_DUNNING","0","1","Standard dunning letter and follow-up call."
"68","11","C0355","Oakmont University Facilities","Institutional","Midwest","Low","COL-03","Elena Ruiz","Commercial","NET60","27521.64","7767.59","0.00","0.00","1941.90","0.00","1941.90","1941.90","0","5","26.21","19.2","0.00","27521.64","0","STANDARD_DUNNING","0","0","Standard dunning letter and follow-up call."
"69","3","C0087","Riverbend Maintenance Supply","MRO Reseller","Southeast","Medium","COL-05","Grace Lindqvist","Small Business","NET30","21068.37","9292.57","0.00","5979.27","2535.72","796.53","1938.32","1938.32","0","33","22.18","16.9","0.00","21068.37","0","RESOLVE_DISPUTE","0","1","Route to billing/sales: most of this balance is disputed and will not pay until the dispute closes."
"70","20","C0111","Harbor Manufacturing","OEM Manufacturer","West","Medium","COL-02","Marcus Bell","Strategic Accounts","NET45","90049.99","15046.40","0.00","10462.36","3761.60","2615.59","1799.91","1799.91","0","13","22.23","11.3","0.00","90049.99","0","RESOLVE_DISPUTE","0","0","Route to billing/sales: most of this balance is disputed and will not pay until the dispute closes."
"71","21","C0101","Redline University Facilities - Northeast","Institutional","Northeast","Low","COL-02","Marcus Bell","Strategic Accounts","NET60","19759.29","7158.44","0.00","0.00","1789.61","0.00","1789.61","1789.61","0","19","10.98","18.7","0.00","19759.29","0","STANDARD_DUNNING","0","0","Standard dunning letter and follow-up call."
"72","23","C0273","Oakmont Fabrication","OEM Manufacturer","Southeast","Medium","COL-01","Priya Natarajan","Strategic Accounts","NET45","48609.28","12807.43","0.00","9223.11","3493.07","2305.78","1763.74","1763.74","0","90","12.31","14.8","0.00","48609.28","0","RESOLVE_DISPUTE","0","0","Route to billing/sales: most of this balance is disputed and will not pay until the dispute closes."
"73","22","C0095","Stonegate Fabrication","OEM Manufacturer","West","Low","COL-02","Marcus Bell","Strategic Accounts","NET60","155416.91","40638.24","21587.89","16123.50","26350.48","4030.88","1739.43","1739.43","0","618","25.90","5.5","21587.89","133829.02","0","APPLY_CASH","0","0","Do not call. Cash is already banked against this account and unmatched -- route to cash application to apply it before any collections contact."
"74","12","C0004","Ironbridge Mechanical","Contractor","Northeast","Medium","COL-03","Elena Ruiz","Commercial","2/10NET30","28709.04","6823.17","0.00","0.00","1705.79","0.00","1705.79","1705.79","0","12","21.27","-0.8","0.00","28709.04","0","COURTESY_REMINDER","0","0","Courtesy reminder only: this account normally pays on time, so treat it as an oversight."
"75","4","C0341","Summit Supply Co. - Southeast","MRO Reseller","Southeast","Medium","COL-05","Grace Lindqvist","Small Business","NET30","16304.50","7583.46","0.00","1069.35","1895.87","267.34","1695.37","1695.37","0","20","14.82","11.8","0.00","16304.50","0","STANDARD_DUNNING","0","1","Standard dunning letter and follow-up call."
"76","24","C0154","Frontier University Facilities - Southeast","Institutional","Southeast","Medium","COL-01","Priya Natarajan","Strategic Accounts","NET60","18051.85","6695.63","0.00","0.00","1673.91","0.00","1673.91","1673.91","0","5","11.28","30.4","0.00","18051.85","0","STANDARD_DUNNING","0","0","Standard dunning letter and follow-up call."
"77","5","C0167","Lakeshore MRO Services","MRO Reseller","Northeast","Medium","COL-05","Grace Lindqvist","Small Business","NET30","9170.44","6656.44","0.00","0.00","1664.11","0.00","1664.11","1664.11","0","13","10.79","11.6","0.00","9170.44","0","STANDARD_DUNNING","0","1","Standard dunning letter and follow-up call."
"78","13","C0200","Harbor Mechanical","Contractor","Southwest","High","COL-04","Tomas Okafor","Commercial","NET60","27292.95","6581.77","0.00","0.00","1645.44","0.00","1645.44","1645.44","0","11","30.33","21.8","0.00","27292.95","0","STANDARD_DUNNING","0","0","Standard dunning letter and follow-up call."
"79","14","C0208","Keystone University Facilities","Institutional","Southwest","Low","COL-04","Tomas Okafor","Commercial","NET90","25450.39","6497.77","0.00","0.00","1624.44","0.00","1624.44","1624.44","0","6","26.79","19.6","0.00","25450.39","0","STANDARD_DUNNING","0","0","Standard dunning letter and follow-up call."
"80","6","C0245","Ironbridge Industrial Supply - West","MRO Reseller","West","High","COL-05","Grace Lindqvist","Small Business","2/10NET30","10633.42","6573.68","0.00","1521.65","1899.75","380.41","1614.44","1614.44","0","34","12.51","17.8","0.00","10633.42","0","COLLECTION_CALL","0","1","Collection call: oldest item is more than 30 days past due."
"81","25","C0361","Titan University Facilities - Midwest","Institutional","Midwest","Low","COL-01","Priya Natarajan","Strategic Accounts","NET90","24658.59","6000.40","0.00","0.00","1500.10","0.00","1500.10","1500.10","0","14","14.94","22.7","0.00","24658.59","0","STANDARD_DUNNING","0","0","Standard dunning letter and follow-up call."
"82","26","C0283","Apex Industries","OEM Manufacturer","Midwest","Low","COL-01","Priya Natarajan","Strategic Accounts","NET60","92573.02","8147.59","2194.90","0.00","3683.07","0.00","1488.17","1488.17","0","100","23.74","4.0","2194.90","90378.12","0","FINAL_NOTICE","0","0","Issue a final notice on the 90+ balance and confirm a payment date in writing."
"83","23","C0309","Frontier Machine Works","OEM Manufacturer","Northeast","Low","COL-02","Marcus Bell","Strategic Accounts","NET45","40789.15","5932.54","0.00","0.00","1483.14","0.00","1483.14","1483.14","0","13","16.32","5.9","0.00","40789.15","0","STANDARD_DUNNING","0","0","Standard dunning letter and follow-up call."
"84","15","C0037","Westbrook Builders","Contractor","Southeast","High","COL-04","Tomas Okafor","Commercial","2/10NET30","20617.57","5927.02","0.00","0.00","1481.76","0.00","1481.76","1481.76","0","4","51.54","13.2","0.00","20617.57","0","STANDARD_DUNNING","0","0","Standard dunning letter and follow-up call."
"85","13","C0062","Keystone Electric","Contractor","Northeast","Medium","COL-03","Elena Ruiz","Commercial","NET30","9652.69","5867.56","0.00","0.00","1466.89","0.00","1466.89","1466.89","0","7","10.16","12.4","0.00","9652.69","0","STANDARD_DUNNING","0","0","Standard dunning letter and follow-up call."
"86","16","C0172","Crestview Electric","Contractor","West","Medium","COL-04","Tomas Okafor","Commercial","2/10NET30","9910.01","8585.40","2862.33","0.00","4293.10","0.00","1430.77","1430.77","0","627","8.26","-6.5","2862.33","7047.68","0","FINAL_NOTICE","0","0","Issue a final notice on the 90+ balance and confirm a payment date in writing."
"87","14","C0276","Oakmont Builders - West 3","Contractor","West","Medium","COL-03","Elena Ruiz","Commercial","NET60","16612.14","5691.82","0.00","3913.17","1422.96","0.00","1422.96","1422.96","0","5","27.69","11.8","0.00","16612.14","0","RESOLVE_DISPUTE","0","0","Route to billing/sales: most of this balance is disputed and will not pay until the dispute closes."
"88","3","C0014","Riverbend MRO Services","MRO Reseller","Southwest","Medium","COL-06","Sam Horowitz","Small Business","NET30","14903.55","5589.69","0.00","0.00","1397.42","0.00","1397.42","1397.42","0","18","14.19","13.2","0.00","14903.55","0","STANDARD_DUNNING","0","1","Standard dunning letter and follow-up call."
"89","27","C0334","Titan Fabrication - Southeast","OEM Manufacturer","Southeast","Low","COL-01","Priya Natarajan","Strategic Accounts","NET60","55318.73","5548.02","0.00","12273.66","1387.01","0.00","1387.01","1387.01","0","2","16.76","7.8","0.00","55318.73","0","RESOLVE_DISPUTE","0","0","Route to billing/sales: most of this balance is disputed and will not pay until the dispute closes."
"90","17","C0319","Ironbridge Medical Center - Southwest 3","Institutional","Southwest","Low","COL-04","Tomas Okafor","Commercial","NET60","5490.19","5490.19","0.00","0.00","1372.55","0.00","1372.55","1372.55","0","16","7.84","24.7","0.00","5490.19","0","STANDARD_DUNNING","0","0","Standard dunning letter and follow-up call."
"91","15","C0256","Oakmont School District","Institutional","Northeast","Medium","COL-03","Elena Ruiz","Commercial","NET60","12440.01","5215.52","0.00","0.00","1303.88","0.00","1303.88","1303.88","0","26","12.44","23.5","0.00","12440.01","1","STANDARD_DUNNING","0","0","Standard dunning letter and follow-up call."
"92","28","C0057","Frontier School District","Institutional","Northeast","Low","COL-01","Priya Natarajan","Strategic Accounts","NET60","16845.40","2570.62","0.00","0.00","1285.31","0.00","1285.31","1285.31","0","34","8.22","23.0","0.00","16845.40","0","COLLECTION_CALL","0","0","Collection call: oldest item is more than 30 days past due."
"93","29","C0241","Lakeshore Industries - Southeast","OEM Manufacturer","Southeast","Low","COL-01","Priya Natarajan","Strategic Accounts","NET60","66877.84","5103.41","0.00","7171.35","1275.85","0.00","1275.85","1275.85","0","3","36.15","8.5","0.00","66877.84","0","RESOLVE_DISPUTE","0","0","Route to billing/sales: most of this balance is disputed and will not pay until the dispute closes."
"94","18","C0145","Crestview Medical Center","Institutional","West","Low","COL-04","Tomas Okafor","Commercial","NET90","19286.05","5004.72","0.00","0.00","1251.18","0.00","1251.18","1251.18","0","16","16.07","18.9","0.00","19286.05","0","STANDARD_DUNNING","0","0","Standard dunning letter and follow-up call."
"95","16","C0229","Pioneer Medical Center","Institutional","Northeast","Low","COL-03","Elena Ruiz","Commercial","NET60","19682.45","4939.84","0.00","0.00","1234.96","0.00","1234.96","1234.96","0","26","23.16","21.4","0.00","19682.45","0","STANDARD_DUNNING","0","0","Standard dunning letter and follow-up call."
"96","17","C0345","Bluewater Medical Center","Institutional","Southeast","Low","COL-03","Elena Ruiz","Commercial","NET60","4925.74","4925.74","0.00","0.00","1231.44","0.00","1231.44","1231.44","0","12","6.16","21.9","0.00","4925.74","0","STANDARD_DUNNING","0","0","Standard dunning letter and follow-up call."
"97","24","C0169","Apex Components","OEM Manufacturer","Midwest","Medium","COL-02","Marcus Bell","Strategic Accounts","NET60","63274.22","4898.97","0.00","0.00","1224.74","0.00","1224.74","1224.74","0","10","21.82","11.7","0.00","63274.22","0","STANDARD_DUNNING","0","0","Standard dunning letter and follow-up call."
"98","7","C0363","Granite Parts & Service - Midwest","MRO Reseller","Midwest","High","COL-05","Grace Lindqvist","Small Business","NET30","14382.72","4853.01","0.00","0.00","1213.25","0.00","1213.25","1213.25","0","11","20.55","21.5","0.00","14382.72","0","STANDARD_DUNNING","0","1","Standard dunning letter and follow-up call."
"99","8","C0260","Harbor Industrial Supply","MRO Reseller","Northeast","High","COL-05","Grace Lindqvist","Small Business","2/10NET30","6516.10","4623.31","0.00","0.00","1155.83","0.00","1155.83","1155.83","0","12","11.85","6.5","0.00","6516.10","0","STANDARD_DUNNING","0","1","Standard dunning letter and follow-up call."
"100","18","C0064","Frontier University Facilities","Institutional","West","Low","COL-03","Elena Ruiz","Commercial","NET90","32963.29","4622.82","0.00","0.00","1155.71","0.00","1155.71","1155.71","0","16","29.97","20.7","0.00","32963.29","0","STANDARD_DUNNING","0","0","Standard dunning letter and follow-up call."
"101","4","C0316","Bluewater Parts & Service - Midwest 3","MRO Reseller","Midwest","Medium","COL-06","Sam Horowitz","Small Business","NET30","9176.22","4596.99","0.00","0.00","1149.25","0.00","1149.25","1149.25","0","14","12.23","9.8","0.00","9176.22","0","STANDARD_DUNNING","0","1","Standard dunning letter and follow-up call."
"102","19","C0301","Titan Builders - Midwest 4","Contractor","Midwest","Medium","COL-03","Elena Ruiz","Commercial","NET30","10973.06","6878.46","2303.59","0.00","3447.31","0.00","1143.72","1143.72","0","404","10.45","13.2","2303.59","8669.47","0","FINAL_NOTICE","0","0","Issue a final notice on the 90+ balance and confirm a payment date in writing."
"103","19","C0250","Northfield Builders - Northeast 3","Contractor","Northeast","Low","COL-04","Tomas Okafor","Commercial","NET30","4570.38","4570.38","0.00","0.00","1142.60","0.00","1142.60","1142.60","0","5","11.43","8.2","0.00","4570.38","0","STANDARD_DUNNING","0","0","Standard dunning letter and follow-up call."
"104","20","C0156","Frontier County Facilities","Institutional","West","Low","COL-03","Elena Ruiz","Commercial","NET90","42376.15","4540.45","0.00","0.00","1135.11","0.00","1135.11","1135.11","0","16","31.39","24.1","0.00","42376.15","0","STANDARD_DUNNING","0","0","Standard dunning letter and follow-up call."
"105","5","C0225","Titan Parts & Service","MRO Reseller","Midwest","High","COL-06","Sam Horowitz","Small Business","2/10NET30","7630.38","4316.59","0.00","0.00","1079.15","0.00","1079.15","1079.15","0","24","15.26","13.4","0.00","7630.38","0","STANDARD_DUNNING","0","1","Standard dunning letter and follow-up call."
"106","30","C0310","Harbor Water Authority","Institutional","Midwest","Low","COL-01","Priya Natarajan","Strategic Accounts","NET90","33249.44","4175.70","0.00","0.00","1043.93","0.00","1043.93","1043.93","0","30","19.56","18.2","0.00","33249.44","0","STANDARD_DUNNING","0","0","Standard dunning letter and follow-up call."
"107","31","C0337","Keystone Manufacturing","OEM Manufacturer","Northeast","Low","COL-01","Priya Natarajan","Strategic Accounts","NET45","48359.90","4150.70","0.00","0.00","1037.68","0.00","1037.68","1037.68","0","19","8.96","6.1","0.00","48359.90","0","STANDARD_DUNNING","0","0","Standard dunning letter and follow-up call."
"108","9","C0192","Keystone MRO Services","MRO Reseller","Midwest","Medium","COL-05","Grace Lindqvist","Small Business","NET30","7790.88","4137.63","0.00","0.00","1034.41","0.00","1034.41","1034.41","0","6","11.99","12.6","0.00","7790.88","0","STANDARD_DUNNING","0","1","Standard dunning letter and follow-up call."
"109","32","C0150","Northfield Industries","OEM Manufacturer","Midwest","Low","COL-01","Priya Natarajan","Strategic Accounts","NET45","58487.70","4108.45","0.00","2050.15","1027.11","0.00","1027.11","1027.11","0","12","13.76","6.7","0.00","58487.70","0","STANDARD_DUNNING","0","0","Standard dunning letter and follow-up call."
"110","6","C0242","Silverline Parts & Service","MRO Reseller","Southeast","Low","COL-06","Sam Horowitz","Small Business","NET30","10022.66","4084.12","0.00","0.00","1021.03","0.00","1021.03","1021.03","0","6","8.35","5.6","0.00","10022.66","0","STANDARD_DUNNING","0","1","Standard dunning letter and follow-up call."
"111","7","C0344","Granite Supply Co. - West","MRO Reseller","West","Low","COL-06","Sam Horowitz","Small Business","NET30","19463.69","2037.24","0.00","0.00","1018.62","0.00","1018.62","1018.62","0","33","16.92","4.4","0.00","19463.69","0","COLLECTION_CALL","0","1","Collection call: oldest item is more than 30 days past due."
"112","21","C0149","Pioneer University Facilities","Institutional","Southeast","Low","COL-03","Elena Ruiz","Commercial","NET60","5967.92","4020.01","0.00","0.00","1005.00","0.00","1005.00","1005.00","0","12","7.46","18.1","0.00","5967.92","0","STANDARD_DUNNING","0","0","Standard dunning letter and follow-up call."
"113","22","C0036","Harbor Builders - West","Contractor","West","Low","COL-03","Elena Ruiz","Commercial","NET60","22168.21","5780.36","1786.89","810.84","2785.26","0.00","998.37","998.37","0","195","15.29","4.9","1786.89","20381.32","0","FINAL_NOTICE","0","0","Issue a final notice on the 90+ balance and confirm a payment date in writing."
"114","23","C0356","Stonegate University Facilities - Midwest 3","Institutional","Midwest","Low","COL-03","Elena Ruiz","Commercial","NET90","23116.26","3961.04","0.00","0.00","990.26","0.00","990.26","990.26","0","2","15.94","21.2","0.00","23116.26","0","STANDARD_DUNNING","0","0","Standard dunning letter and follow-up call."
"115","24","C0075","Ironbridge Mechanical - Southeast 3","Contractor","Southeast","Medium","COL-03","Elena Ruiz","Commercial","NET30","22123.42","3791.71","0.00","0.00","947.93","0.00","947.93","947.93","0","18","26.03","11.0","0.00","22123.42","0","STANDARD_DUNNING","0","0","Standard dunning letter and follow-up call."
"116","25","C0066","Summit Industries","OEM Manufacturer","Midwest","Medium","COL-02","Marcus Bell","Strategic Accounts","NET60","91519.74","14750.26","0.00","0.00","4605.64","0.00","933.35","933.35","0","43","23.77","12.7","3672.29","87847.45","0","COLLECTION_CALL","0","0","Collection call: oldest item is more than 30 days past due."
"117","25","C0049","Westbrook Mechanical","Contractor","Southwest","Medium","COL-03","Elena Ruiz","Commercial","2/10NET30","7011.58","7011.58","3683.79","0.00","4515.74","0.00","905.63","905.63","0","326","4.84","-2.3","3610.11","3401.47","0","APPLY_CASH","0","0","Do not call. Cash is already banked against this account and unmatched -- route to cash application to apply it before any collections contact."
"118","26","C0389","Ironbridge Components - Southeast","OEM Manufacturer","Southeast","Medium","COL-02","Marcus Bell","Strategic Accounts","NET60","118321.01","13114.17","9541.80","17063.15","10434.89","0.00","893.09","893.09","0","149","20.05","14.9","9541.80","108779.21","0","APPLY_CASH","0","0","Do not call. Cash is already banked against this account and unmatched -- route to cash application to apply it before any collections contact."
"119","20","C0098","Summit Mechanical - Southeast","Contractor","Southeast","Medium","COL-04","Tomas Okafor","Commercial","NET30","5470.74","3504.13","0.00","0.00","876.03","0.00","876.03","876.03","0","5","10.94","15.2","0.00","5470.74","0","STANDARD_DUNNING","0","0","Standard dunning letter and follow-up call."
"120","26","C0280","Apex Mechanical - West","Contractor","West","Medium","COL-03","Elena Ruiz","Commercial","NET60","34442.27","3413.26","0.00","0.00","853.32","0.00","853.32","853.32","0","3","28.70","12.9","0.00","34442.27","0","STANDARD_DUNNING","0","0","Standard dunning letter and follow-up call."
"121","8","C0188","Westbrook Industrial Supply - Southwest","MRO Reseller","Southwest","High","COL-06","Sam Horowitz","Small Business","NET30","7717.38","1655.43","0.00","0.00","827.72","0.00","827.72","827.72","0","53","22.05","24.1","0.00","7717.38","0","COLLECTION_CALL","0","1","Collection call: oldest item is more than 30 days past due."
"122","9","C0171","Silverline Maintenance Supply - Southwest","MRO Reseller","Southwest","Medium","COL-06","Sam Horowitz","Small Business","NET30","11528.08","3287.91","0.00","0.00","821.98","0.00","821.98","821.98","0","11","10.48","10.8","0.00","11528.08","0","STANDARD_DUNNING","0","1","Standard dunning letter and follow-up call."
"123","10","C0354","Westbrook Supply Co. - Southeast","MRO Reseller","Southeast","High","COL-05","Grace Lindqvist","Small Business","2/10NET30","5642.92","3280.77","0.00","0.00","820.19","0.00","820.19","820.19","0","5","22.57","21.1","0.00","5642.92","1","STANDARD_DUNNING","0","1","Standard dunning letter and follow-up call."
"124","11","C0052","Westbrook Parts & Service","MRO Reseller","Southeast","Medium","COL-05","Grace Lindqvist","Small Business","NET30","13799.56","3235.67","0.00","0.00","808.92","0.00","808.92","808.92","0","7","15.33","13.9","0.00","13799.56","0","STANDARD_DUNNING","0","0","Standard dunning letter and follow-up call."
"125","27","C0209","Northfield Construction","Contractor","Midwest","Low","COL-03","Elena Ruiz","Commercial","NET30","11453.63","3227.38","0.00","0.00","806.85","0.00","806.85","806.85","0","28","12.06","4.7","0.00","11453.63","0","COURTESY_REMINDER","0","0","Courtesy reminder only: this account normally pays on time, so treat it as an oversight."
"126","28","C0022","Apex Contracting","Contractor","Southeast","Medium","COL-03","Elena Ruiz","Commercial","2/10NET30","14034.51","2928.72","0.00","4092.17","732.18","0.00","732.18","732.18","0","12","21.59","-1.7","0.00","14034.51","0","RESOLVE_DISPUTE","0","0","Route to billing/sales: most of this balance is disputed and will not pay until the dispute closes."
"127","33","C0026","Northfield Components","OEM Manufacturer","Northeast","Low","COL-01","Priya Natarajan","Strategic Accounts","NET45","35585.31","2897.97","0.00","0.00","724.49","0.00","724.49","724.49","0","3","6.47","6.1","0.00","35585.31","0","STANDARD_DUNNING","0","0","Standard dunning letter and follow-up call."
"128","29","C0114","Titan Construction","Contractor","Northeast","Medium","COL-03","Elena Ruiz","Commercial","2/10NET30","8223.93","2890.00","0.00","0.00","722.50","0.00","722.50","722.50","0","10","12.65","-3.5","0.00","8223.93","0","COURTESY_REMINDER","0","0","Courtesy reminder only: this account normally pays on time, so treat it as an oversight."
"129","10","C0257","Granite Supply Co.","MRO Reseller","West","Medium","COL-06","Sam Horowitz","Small Business","NET30","6226.76","2017.06","635.50","0.00","1326.28","0.00","690.78","690.78","0","256","15.57","12.2","635.50","5591.26","0","FINAL_NOTICE","0","1","Issue a final notice on the 90+ balance and confirm a payment date in writing."
"130","12","C0136","Crestview Industrial Supply - West","MRO Reseller","West","High","COL-05","Grace Lindqvist","Small Business","NET30","13146.64","2737.54","0.00","0.00","684.39","0.00","684.39","684.39","0","5","20.23","25.5","0.00","13146.64","0","STANDARD_DUNNING","0","0","Standard dunning letter and follow-up call."
"131","34","C0328","Westbrook Industries","OEM Manufacturer","Midwest","Low","COL-01","Priya Natarajan","Strategic Accounts","NET45","73047.34","5883.67","3169.41","12655.27","3847.98","0.00","678.57","678.57","0","409","12.38","4.8","3169.41","69877.93","0","APPLY_CASH","0","0","Do not call. Cash is already banked against this account and unmatched -- route to cash application to apply it before any collections contact."
"132","13","C0323","Titan Parts & Service - Southwest 3","MRO Reseller","Southwest","Low","COL-05","Grace Lindqvist","Small Business","NET30","8214.18","5146.81","277.55","2906.45","1494.87","726.61","672.36","672.36","0","136","27.38","6.2","277.55","7936.63","0","RESOLVE_DISPUTE","0","0","Route to billing/sales: most of this balance is disputed and will not pay until the dispute closes."
"133","27","C0135","Oakmont Medical Center - Midwest","Institutional","Midwest","Low","COL-02","Marcus Bell","Strategic Accounts","NET90","25399.12","2676.50","0.00","0.00","669.13","0.00","669.13","669.13","0","6","16.39","21.4","0.00","25399.12","0","STANDARD_DUNNING","0","0","Standard dunning letter and follow-up call."
"134","28","C0215","Silverline Medical Center","Institutional","Southeast","Low","COL-02","Marcus Bell","Strategic Accounts","NET60","8153.48","6605.52","4011.74","0.00","4660.19","0.00","648.45","648.45","0","523","5.26","22.0","4011.74","4141.74","0","APPLY_CASH","0","0","Do not call. Cash is already banked against this account and unmatched -- route to cash application to apply it before any collections contact."
"135","21","C0144","Frontier Electric","Contractor","Northeast","Medium","COL-04","Tomas Okafor","Commercial","NET30","11743.37","2553.89","0.00","0.00","638.47","0.00","638.47","638.47","0","26","10.68","14.9","0.00","11743.37","0","STANDARD_DUNNING","0","0","Standard dunning letter and follow-up call."
"136","22","C0370","Cedar Ridge Construction - West 4","Contractor","West","Low","COL-04","Tomas Okafor","Commercial","NET60","8174.00","2468.45","0.00","0.00","617.11","0.00","617.11","617.11","0","25","9.62","4.4","0.00","8174.00","0","COURTESY_REMINDER","0","0","Courtesy reminder only: this account normally pays on time, so treat it as an oversight."
"137","30","C0336","Summit Contracting - Southwest 3","Contractor","Southwest","Low","COL-03","Elena Ruiz","Commercial","NET60","33618.47","2375.52","0.00","0.00","593.88","0.00","593.88","593.88","0","10","35.39","4.1","0.00","33618.47","0","COURTESY_REMINDER","0","0","Courtesy reminder only: this account normally pays on time, so treat it as an oversight."
"138","23","C0131","Bluewater Mechanical","Contractor","Northeast","High","COL-04","Tomas Okafor","Commercial","2/10NET30","6887.26","2366.88","0.00","0.00","591.72","0.00","591.72","591.72","0","26","15.31","11.9","0.00","6887.26","0","STANDARD_DUNNING","0","0","Standard dunning letter and follow-up call."
"139","14","C0006","Pioneer Maintenance Supply","MRO Reseller","Northeast","Medium","COL-05","Grace Lindqvist","Small Business","NET30","2282.60","2282.60","0.00","0.00","570.65","0.00","570.65","570.65","0","5","7.61","10.7","0.00","2282.60","0","STANDARD_DUNNING","0","0","Standard dunning letter and follow-up call."
"140","11","C0078","Westbrook Maintenance Supply","MRO Reseller","Midwest","Medium","COL-06","Sam Horowitz","Small Business","2/10NET30","6885.14","2248.82","0.00","0.00","562.21","0.00","562.21","562.21","0","13","5.74","-4.7","0.00","6885.14","0","COURTESY_REMINDER","0","0","Courtesy reminder only: this account normally pays on time, so treat it as an oversight."
"141","31","C0060","Crestview School District","Institutional","Southeast","Low","COL-03","Elena Ruiz","Commercial","NET60","13743.16","2231.35","0.00","0.00","557.84","0.00","557.84","557.84","0","4","19.63","22.7","0.00","13743.16","0","STANDARD_DUNNING","0","0","Standard dunning letter and follow-up call."
"142","15","C0313","Oakmont Industrial Supply","MRO Reseller","Southeast","Low","COL-05","Grace Lindqvist","Small Business","NET30","6906.01","2212.45","0.00","4693.56","553.11","0.00","553.11","553.11","0","3","10.62","12.5","0.00","6906.01","0","RESOLVE_DISPUTE","0","0","Route to billing/sales: most of this balance is disputed and will not pay until the dispute closes."
"143","24","C0240","Summit Contracting","Contractor","West","Medium","COL-04","Tomas Okafor","Commercial","NET60","37215.64","2200.41","0.00","0.00","550.10","0.00","550.10","550.10","0","5","74.43","11.4","0.00","37215.64","0","STANDARD_DUNNING","0","0","Standard dunning letter and follow-up call."
"144","25","C0340","Bluewater Contracting","Contractor","West","Low","COL-04","Tomas Okafor","Commercial","NET60","16127.39","2164.11","0.00","0.00","541.03","0.00","541.03","541.03","0","1","12.90","4.9","0.00","16127.39","0","COURTESY_REMINDER","0","0","Courtesy reminder only: this account normally pays on time, so treat it as an oversight."
"145","32","C0373","Riverbend Electric - West 4","Contractor","West","High","COL-03","Elena Ruiz","Commercial","NET60","6338.96","2068.44","0.00","0.00","517.11","0.00","517.11","517.11","0","9","18.11","23.6","0.00","6338.96","0","STANDARD_DUNNING","0","0","Standard dunning letter and follow-up call."
"146","29","C0305","Titan Fabrication","OEM Manufacturer","Northeast","Low","COL-02","Marcus Bell","Strategic Accounts","NET45","45549.26","2047.38","0.00","0.00","511.85","0.00","511.85","511.85","0","5","13.40","5.1","0.00","45549.26","0","STANDARD_DUNNING","0","0","Standard dunning letter and follow-up call."
"147","30","C0032","Cedar Ridge Components","OEM Manufacturer","West","Low","COL-02","Marcus Bell","Strategic Accounts","NET45","49939.59","1973.75","0.00","0.00","493.44","0.00","493.44","493.44","0","26","14.69","7.1","0.00","49939.59","0","STANDARD_DUNNING","0","0","Standard dunning letter and follow-up call."
"148","33","C0227","Cedar Ridge County Facilities","Institutional","West","Low","COL-03","Elena Ruiz","Commercial","NET60","10349.58","1954.90","0.00","0.00","488.73","0.00","488.73","488.73","0","19","12.94","21.4","0.00","10349.58","0","STANDARD_DUNNING","0","0","Standard dunning letter and follow-up call."
"149","12","C0007","Cedar Ridge Industrial Supply","MRO Reseller","West","High","COL-06","Sam Horowitz","Small Business","NET30","15312.24","1876.71","0.00","3580.79","469.18","0.00","469.18","469.18","0","14","14.58","23.2","0.00","15312.24","0","RESOLVE_DISPUTE","0","0","Route to billing/sales: most of this balance is disputed and will not pay until the dispute closes."
"150","31","C0287","Redline University Facilities - Southwest 4","Institutional","Southwest","Low","COL-02","Marcus Bell","Strategic Accounts","NET90","24095.97","1872.16","0.00","0.00","468.04","0.00","468.04","468.04","0","2","15.55","18.0","0.00","24095.97","0","STANDARD_DUNNING","0","0","Standard dunning letter and follow-up call."
"151","34","C0012","Lakeshore Mechanical","Contractor","Southeast","Low","COL-03","Elena Ruiz","Commercial","NET30","26634.07","5422.48","0.00","4793.03","1355.62","1198.26","456.93","456.93","0","19","21.31","4.4","0.00","26634.07","0","RESOLVE_DISPUTE","0","0","Route to billing/sales: most of this balance is disputed and will not pay until the dispute closes."
"152","35","C0381","Redline Electric","Contractor","Northeast","Medium","COL-03","Elena Ruiz","Commercial","NET30","1789.46","1789.46","0.00","0.00","447.37","0.00","447.37","447.37","0","14","2.98","15.5","0.00","1789.46","0","STANDARD_DUNNING","0","0","Standard dunning letter and follow-up call."
"153","13","C0261","Stonegate Maintenance Supply","MRO Reseller","Southwest","Low","COL-06","Sam Horowitz","Small Business","2/10NET30","1910.43","1910.43","0.00","1161.96","664.73","290.49","446.86","446.86","0","42","2.94","-15.2","0.00","1910.43","0","RESOLVE_DISPUTE","0","0","Route to billing/sales: most of this balance is disputed and will not pay until the dispute closes."
"154","26","C0308","Frontier Contracting - Midwest","Contractor","Midwest","Medium","COL-04","Tomas Okafor","Commercial","NET30","10067.31","1720.43","0.00","0.00","430.11","0.00","430.11","430.11","0","12","28.76","11.3","0.00","10067.31","0","STANDARD_DUNNING","0","0","Standard dunning letter and follow-up call."
"155","27","C0013","Riverbend Contracting","Contractor","Southwest","Medium","COL-04","Tomas Okafor","Commercial","NET60","16336.89","1707.74","0.00","0.00","426.94","0.00","426.94","426.94","0","8","21.78","14.5","0.00","16336.89","0","STANDARD_DUNNING","0","0","Standard dunning letter and follow-up call."
"156","28","C0252","Ironbridge School District","Institutional","Midwest","Low","COL-04","Tomas Okafor","Commercial","NET90","42279.45","826.47","0.00","0.00","413.24","0.00","413.24","413.24","0","50","60.40","21.4","0.00","42279.45","0","COLLECTION_CALL","0","0","Collection call: oldest item is more than 30 days past due."
"157","32","C0284","Apex Manufacturing - Southwest 3","OEM Manufacturer","Southwest","Low","COL-02","Marcus Bell","Strategic Accounts","NET60","66919.01","1643.24","0.00","0.00","410.81","0.00","410.81","410.81","0","1","24.33","5.2","0.00","66919.01","0","STANDARD_DUNNING","0","0","Standard dunning letter and follow-up call."
"158","29","C0362","Ironbridge Construction","Contractor","Southeast","Medium","COL-04","Tomas Okafor","Commercial","2/10NET30","816.10","816.10","0.00","0.00","408.05","0.00","408.05","408.05","0","40","3.26","-3.1","0.00","816.10","0","COLLECTION_CALL","0","0","Collection call: oldest item is more than 30 days past due."
"159","16","C0183","Oakmont Maintenance Supply","MRO Reseller","West","High","COL-05","Grace Lindqvist","Small Business","NET30","6474.81","3682.24","1677.21","515.36","2178.47","128.84","404.63","404.63","0","245","6.47","24.2","1677.21","4797.60","0","ESCALATE","0","1","Escalate: high-risk account carrying a 90+ balance. Hold further shipments and agree a payment plan or refer for recovery."
"160","30","C0081","Crestview Builders","Contractor","Southeast","Low","COL-04","Tomas Okafor","Commercial","NET30","7364.19","1534.31","0.00","0.00","383.58","0.00","383.58","383.58","0","20","24.55","10.7","0.00","7364.19","0","STANDARD_DUNNING","0","0","Standard dunning letter and follow-up call."
"161","17","C0040","Apex MRO Services","MRO Reseller","Northeast","Medium","COL-05","Grace Lindqvist","Small Business","NET30","4495.42","1463.02","0.00","0.00","365.76","0.00","365.76","365.76","0","19","9.99","11.2","0.00","4495.42","0","STANDARD_DUNNING","0","0","Standard dunning letter and follow-up call."
"162","36","C0084","Granite Construction","Contractor","Southwest","Medium","COL-03","Elena Ruiz","Commercial","2/10NET30","11143.40","4742.58","919.96","0.00","2089.97","0.00","348.16","348.16","0","572","7.69","-5.8","1741.81","9401.59","0","FINAL_NOTICE","0","0","Issue a final notice on the 90+ balance and confirm a payment date in writing."
"163","37","C0379","Ironbridge Electric - Midwest 3","Contractor","Midwest","Medium","COL-03","Elena Ruiz","Commercial","NET30","11463.51","1368.42","0.00","0.00","342.11","0.00","342.11","342.11","0","14","10.42","16.3","0.00","11463.51","0","STANDARD_DUNNING","0","0","Standard dunning letter and follow-up call."
"164","14","C0179","Riverbend Supply Co.","MRO Reseller","Midwest","Medium","COL-06","Sam Horowitz","Small Business","2/10NET30","5813.91","1356.38","0.00","0.00","339.10","0.00","339.10","339.10","0","5","7.75","-7.0","0.00","5813.91","0","COURTESY_REMINDER","0","0","Courtesy reminder only: this account normally pays on time, so treat it as an oversight."
"165","35","C0393","Silverline Components - West 3","OEM Manufacturer","West","Low","COL-01","Priya Natarajan","Strategic Accounts","NET45","69926.78","7987.73","2607.46","5380.27","3952.53","1345.07","336.27","336.27","0","391","16.85","4.1","2607.46","67319.32","0","RESOLVE_DISPUTE","0","0","Route to billing/sales: most of this balance is disputed and will not pay until the dispute closes."
"166","33","C0371","Pioneer Water Authority","Institutional","Southeast","Low","COL-02","Marcus Bell","Strategic Accounts","NET90","33080.32","1311.99","0.00","0.00","328.00","0.00","328.00","328.00","0","6","16.14","21.2","0.00","33080.32","0","STANDARD_DUNNING","0","0","Standard dunning letter and follow-up call."
"167","18","C0001","Silverline MRO Services","MRO Reseller","Northeast","Medium","COL-05","Grace Lindqvist","Small Business","NET30","13872.98","8767.54","1263.09","3115.69","3139.20","778.92","282.75","282.75","0","389","11.56","13.3","2272.26","11600.72","0","FINAL_NOTICE","0","0","Issue a final notice on the 90+ balance and confirm a payment date in writing."
"168","34","C0100","Stonegate University Facilities - Southeast","Institutional","Southeast","Low","COL-02","Marcus Bell","Strategic Accounts","NET90","25010.20","1056.16","0.00","0.00","264.04","0.00","264.04","264.04","0","8","11.63","20.0","0.00","25010.20","0","STANDARD_DUNNING","0","0","Standard dunning letter and follow-up call."
"169","15","C0104","Granite Industrial Supply","MRO Reseller","Midwest","Low","COL-06","Sam Horowitz","Small Business","NET30","8748.88","1047.16","0.00","0.00","261.79","0.00","261.79","261.79","0","25","8.33","4.4","0.00","8748.88","0","COURTESY_REMINDER","0","0","Courtesy reminder only: this account normally pays on time, so treat it as an oversight."
"170","16","C0246","Lakeshore Industrial Supply","MRO Reseller","Southeast","Low","COL-06","Sam Horowitz","Small Business","NET30","14261.24","1502.17","471.72","0.00","729.33","0.00","257.61","257.61","0","486","15.85","6.2","471.72","13789.52","0","FINAL_NOTICE","0","0","Issue a final notice on the 90+ balance and confirm a payment date in writing."
"171","31","C0372","Cedar Ridge Mechanical - Southeast 3","Contractor","Southeast","Low","COL-04","Tomas Okafor","Commercial","NET30","13877.65","4105.84","0.00","13877.65","1026.46","1026.46","256.62","256.62","0","19","19.83","7.1","0.00","13877.65","0","RESOLVE_DISPUTE","0","0","Route to billing/sales: most of this balance is disputed and will not pay until the dispute closes."
"172","36","C0054","Titan Manufacturing","OEM Manufacturer","Midwest","Medium","COL-01","Priya Natarajan","Strategic Accounts","NET60","112760.39","20972.11","0.00","3051.37","6908.43","0.00","246.84","246.84","0","50","22.11","13.7","6661.59","106098.80","0","COLLECTION_CALL","0","0","Collection call: oldest item is more than 30 days past due."
"173","32","C0217","Apex Contracting - Southeast","Contractor","Southeast","Low","COL-04","Tomas Okafor","Commercial","NET30","6978.42","478.65","0.00","0.00","239.33","0.00","239.33","239.33","0","38","5.17","8.2","0.00","6978.42","0","COLLECTION_CALL","0","0","Collection call: oldest item is more than 30 days past due."
"174","37","C0176","Harbor Machine Works - Southeast","OEM Manufacturer","Southeast","Low","COL-01","Priya Natarajan","Strategic Accounts","NET60","11955.61","937.06","0.00","0.00","234.27","0.00","234.27","234.27","0","23","3.80","6.9","0.00","11955.61","0","STANDARD_DUNNING","0","0","Standard dunning letter and follow-up call."
"175","33","C0123","Redline Mechanical","Contractor","Northeast","Low","COL-04","Tomas Okafor","Commercial","NET30","9091.02","922.45","0.00","0.00","230.61","0.00","230.61","230.61","0","5","11.36","7.4","0.00","9091.02","0","STANDARD_DUNNING","0","0","Standard dunning letter and follow-up call."
"176","19","C0106","Cedar Ridge Industrial Supply - Midwest","MRO Reseller","Midwest","Low","COL-05","Grace Lindqvist","Small Business","NET30","8167.06","3602.50","0.00","3602.50","900.63","900.63","225.16","225.16","0","14","23.33","7.9","0.00","8167.06","0","RESOLVE_DISPUTE","0","0","Route to billing/sales: most of this balance is disputed and will not pay until the dispute closes."
"177","34","C0119","Titan Builders","Contractor","Northeast","Medium","COL-04","Tomas Okafor","Commercial","2/10NET30","6348.50","2614.61","877.69","1736.92","1746.15","868.46","217.12","217.12","0","210","6.05","-3.0","877.69","5470.81","0","RESOLVE_DISPUTE","0","0","Route to billing/sales: most of this balance is disputed and will not pay until the dispute closes."
"178","20","C0243","Cedar Ridge MRO Services - Southeast","MRO Reseller","Southeast","Low","COL-05","Grace Lindqvist","Small Business","NET30","2624.46","840.46","0.00","0.00","210.12","0.00","210.12","210.12","0","4","4.77","6.9","0.00","2624.46","0","STANDARD_DUNNING","0","0","Standard dunning letter and follow-up call."
"179","17","C0126","Oakmont Parts & Service","MRO Reseller","West","Medium","COL-06","Sam Horowitz","Small Business","NET30","15136.15","1287.56","450.00","1690.65","659.39","0.00","209.39","209.39","0","284","23.29","16.1","450.00","14686.15","0","RESOLVE_DISPUTE","0","0","Route to billing/sales: most of this balance is disputed and will not pay until the dispute closes."
"180","38","C0133","Oakmont Construction","Contractor","Midwest","Medium","COL-03","Elena Ruiz","Commercial","NET30","7984.12","836.45","0.00","0.00","209.11","0.00","209.11","209.11","0","6","6.94","15.3","0.00","7984.12","0","STANDARD_DUNNING","0","0","Standard dunning letter and follow-up call."
"181","39","C0161","Titan Construction - Northeast","Contractor","Northeast","Low","COL-03","Elena Ruiz","Commercial","NET30","6816.73","836.24","0.00","0.00","209.06","0.00","209.06","209.06","0","3","5.68","7.0","0.00","6816.73","0","STANDARD_DUNNING","0","0","Standard dunning letter and follow-up call."
"182","35","C0382","Summit Machine Works","OEM Manufacturer","Southwest","Low","COL-02","Marcus Bell","Strategic Accounts","NET60","41598.56","827.05","0.00","2638.71","206.76","0.00","206.76","206.76","0","30","17.33","5.0","0.00","41598.56","0","RESOLVE_DISPUTE","0","0","Route to billing/sales: most of this balance is disputed and will not pay until the dispute closes."
"183","18","C0067","Cedar Ridge Parts & Service","MRO Reseller","Southwest","Medium","COL-06","Sam Horowitz","Small Business","NET30","17029.11","816.28","0.00","4209.23","204.07","0.00","204.07","204.07","0","10","17.93","11.8","0.00","17029.11","0","RESOLVE_DISPUTE","0","0","Route to billing/sales: most of this balance is disputed and will not pay until the dispute closes."
"184","40","C0358","Ironbridge Builders - West","Contractor","West","Low","COL-03","Elena Ruiz","Commercial","NET60","15439.14","813.25","0.00","0.00","203.31","0.00","203.31","203.31","0","5","11.44","6.0","0.00","15439.14","0","STANDARD_DUNNING","0","0","Standard dunning letter and follow-up call."
"185","21","C0124","Riverbend MRO Services - West","MRO Reseller","West","High","COL-05","Grace Lindqvist","Small Business","NET30","6422.48","806.43","0.00","936.85","201.61","0.00","201.61","201.61","0","19","5.84","22.4","0.00","6422.48","0","RESOLVE_DISPUTE","0","0","Route to billing/sales: most of this balance is disputed and will not pay until the dispute closes."
"186","35","C0303","Northfield Contracting","Contractor","Northeast","Medium","COL-04","Tomas Okafor","Commercial","NET30","10030.73","403.03","0.00","0.00","201.52","0.00","201.52","201.52","0","46","10.03","13.7","0.00","10030.73","0","COLLECTION_CALL","0","0","Collection call: oldest item is more than 30 days past due."
"187","19","C0295","Ironbridge Maintenance Supply","MRO Reseller","Northeast","Low","COL-06","Sam Horowitz","Small Business","2/10NET30","6558.94","3571.66","517.98","3053.68","1281.40","763.42","201.22","201.22","0","578","7.72","-19.0","507.62","6051.32","0","RESOLVE_DISPUTE","0","0","Route to billing/sales: most of this balance is disputed and will not pay until the dispute closes."
"188","20","C0202","Harbor MRO Services","MRO Reseller","Southeast","Low","COL-06","Sam Horowitz","Small Business","NET30","11569.58","344.66","0.00","0.00","172.33","0.00","172.33","172.33","0","34","10.52","8.4","0.00","11569.58","0","COLLECTION_CALL","0","0","Collection call: oldest item is more than 30 days past due."
"189","22","C0140","Apex Parts & Service","MRO Reseller","Southeast","Medium","COL-05","Grace Lindqvist","Small Business","NET30","12082.57","666.87","0.00","0.00","166.72","0.00","166.72","166.72","0","28","13.43","11.5","0.00","12082.57","0","STANDARD_DUNNING","0","0","Standard dunning letter and follow-up call."
"190","23","C0118","Granite MRO Services","MRO Reseller","Southeast","Low","COL-05","Grace Lindqvist","Small Business","2/10NET30","2847.25","1339.14","514.90","824.24","1133.08","618.18","164.85","164.85","0","629","4.75","-2.9","504.60","2342.65","0","RESOLVE_DISPUTE","0","0","Route to billing/sales: most of this balance is disputed and will not pay until the dispute closes."
"191","24","C0110","Riverbend Maintenance Supply - Northeast","MRO Reseller","Northeast","Low","COL-05","Grace Lindqvist","Small Business","2/10NET30","1096.23","637.64","0.00","0.00","159.41","0.00","159.41","159.41","0","18","1.04","-12.8","0.00","1096.23","0","COURTESY_REMINDER","0","0","Courtesy reminder only: this account normally pays on time, so treat it as an oversight."
"192","25","C0398","Pioneer Parts & Service - Southwest","MRO Reseller","Southwest","High","COL-05","Grace Lindqvist","Small Business","NET30","3681.62","634.81","0.00","0.00","158.70","0.00","158.70","158.70","0","13","9.20","23.8","0.00","3681.62","0","STANDARD_DUNNING","0","0","Standard dunning letter and follow-up call."
"193","26","C0089","Ironbridge Industrial Supply","MRO Reseller","Southeast","Medium","COL-05","Grace Lindqvist","Small Business","2/10NET30","4971.44","2526.92","0.00","2526.92","631.73","631.73","157.93","157.93","0","17","7.10","-5.2","0.00","4971.44","0","RESOLVE_DISPUTE","0","0","Route to billing/sales: most of this balance is disputed and will not pay until the dispute closes."
"194","27","C0020","Cedar Ridge MRO Services","MRO Reseller","Northeast","Medium","COL-05","Grace Lindqvist","Small Business","NET30","9255.17","615.72","0.00","0.00","153.93","0.00","153.93","153.93","0","3","20.57","12.4","0.00","9255.17","0","STANDARD_DUNNING","0","0","Standard dunning letter and follow-up call."
"195","36","C0289","Apex Builders - West","Contractor","West","Low","COL-04","Tomas Okafor","Commercial","NET60","14348.08","594.57","0.00","0.00","148.64","0.00","148.64","148.64","0","16","31.88","8.1","0.00","14348.08","0","STANDARD_DUNNING","0","0","Standard dunning letter and follow-up call."
"196","21","C0028","Keystone Parts & Service","MRO Reseller","Southeast","Medium","COL-06","Sam Horowitz","Small Business","NET30","3324.65","1054.76","465.74","0.00","613.00","0.00","147.26","147.26","0","196","13.30","13.5","465.74","2858.91","0","FINAL_NOTICE","0","0","Issue a final notice on the 90+ balance and confirm a payment date in writing."
"197","37","C0330","Westbrook Electric - West","Contractor","West","Medium","COL-04","Tomas Okafor","Commercial","2/10NET30","14457.59","2342.10","0.00","2342.10","585.53","585.53","146.38","146.38","0","27","19.28","-4.2","0.00","14457.59","0","RESOLVE_DISPUTE","0","0","Route to billing/sales: most of this balance is disputed and will not pay until the dispute closes."
"198","28","C0392","Apex Industrial Supply - Southwest 3","MRO Reseller","Southwest","High","COL-05","Grace Lindqvist","Small Business","NET30","7879.38","871.28","302.94","0.00","445.03","0.00","142.09","142.09","0","648","8.29","23.2","302.94","7576.44","0","ESCALATE","0","1","Escalate: high-risk account carrying a 90+ balance. Hold further shipments and agree a payment plan or refer for recovery."
"199","38","C0396","Ironbridge Manufacturing","OEM Manufacturer","Southeast","Medium","COL-01","Priya Natarajan","Strategic Accounts","NET45","43064.35","2090.95","0.00","2090.95","522.74","522.74","130.69","130.69","0","17","15.95","15.4","0.00","43064.35","0","RESOLVE_DISPUTE","0","0","Route to billing/sales: most of this balance is disputed and will not pay until the dispute closes."
"200","41","C0033","Lakeshore Construction","Contractor","Southeast","Medium","COL-03","Elena Ruiz","Commercial","NET30","4373.82","1994.89","0.00","1994.89","498.72","498.72","124.68","124.68","0","13","9.72","18.9","0.00","4373.82","0","RESOLVE_DISPUTE","0","0","Route to billing/sales: most of this balance is disputed and will not pay until the dispute closes."
"201","42","C0168","Northfield Mechanical","Contractor","Southeast","Medium","COL-03","Elena Ruiz","Commercial","NET30","1961.72","945.23","0.00","945.23","472.62","472.62","118.16","118.16","0","31","3.57","15.7","0.00","1961.72","0","RESOLVE_DISPUTE","0","0","Route to billing/sales: most of this balance is disputed and will not pay until the dispute closes."
"202","22","C0270","Stonegate Maintenance Supply - Southeast","MRO Reseller","Southeast","Medium","COL-06","Sam Horowitz","Small Business","NET30","1359.35","472.56","0.00","0.00","118.14","0.00","118.14","118.14","0","7","3.02","13.1","0.00","1359.35","0","STANDARD_DUNNING","0","0","Standard dunning letter and follow-up call."
"203","23","C0019","Northfield Supply Co.","MRO Reseller","Midwest","Medium","COL-06","Sam Horowitz","Small Business","2/10NET30","3854.57","461.63","0.00","0.00","115.41","0.00","115.41","115.41","0","6","4.53","-0.6","0.00","3854.57","0","COURTESY_REMINDER","0","0","Courtesy reminder only: this account normally pays on time, so treat it as an oversight."
"204","36","C0214","Bluewater Industries - Midwest 3","OEM Manufacturer","Midwest","Low","COL-02","Marcus Bell","Strategic Accounts","NET60","22154.77","1736.21","0.00","1736.21","434.05","434.05","108.51","108.51","0","19","8.06","7.6","0.00","22154.77","0","RESOLVE_DISPUTE","0","0","Route to billing/sales: most of this balance is disputed and will not pay until the dispute closes."
"205","39","C0099","Northfield Water Authority","Institutional","Northeast","Low","COL-01","Priya Natarajan","Strategic Accounts","NET60","16621.93","420.12","0.00","0.00","105.03","0.00","105.03","105.03","0","29","10.07","18.3","0.00","16621.93","0","STANDARD_DUNNING","0","0","Standard dunning letter and follow-up call."
"206","43","C0107","Silverline Mechanical","Contractor","Southeast","Low","COL-03","Elena Ruiz","Commercial","2/10NET30","7599.96","4939.05","4939.05","0.00","4939.05","0.00","98.78","98.78","0","371","5.24","-8.1","4840.27","2759.69","0","APPLY_CASH","0","0","Do not call. Cash is already banked against this account and unmatched -- route to cash application to apply it before any collections contact."
"207","24","C0332","Bluewater Parts & Service - Southwest 4","MRO Reseller","Southwest","Medium","COL-06","Sam Horowitz","Small Business","NET30","5667.19","352.21","0.00","0.00","88.05","0.00","88.05","88.05","0","10","8.72","11.1","0.00","5667.19","0","STANDARD_DUNNING","0","0","Standard dunning letter and follow-up call."
"208","29","C0193","Silverline Industrial Supply - Northeast","MRO Reseller","Northeast","Medium","COL-05","Grace Lindqvist","Small Business","NET30","18123.56","349.75","0.00","0.00","87.44","0.00","87.44","87.44","0","11","15.76","12.1","0.00","18123.56","0","STANDARD_DUNNING","0","0","Standard dunning letter and follow-up call."
"209","25","C0400","Titan Supply Co. - Southeast 3","MRO Reseller","Southeast","Low","COL-06","Sam Horowitz","Small Business","NET30","5505.04","1354.03","0.00","1354.03","338.51","338.51","84.63","84.63","0","10","13.76","11.1","0.00","5505.04","0","RESOLVE_DISPUTE","0","0","Route to billing/sales: most of this balance is disputed and will not pay until the dispute closes."
"210","44","C0002","Cedar Ridge Mechanical","Contractor","Midwest","Low","COL-03","Elena Ruiz","Commercial","2/10NET30","4392.29","335.48","0.00","0.00","83.87","0.00","83.87","83.87","0","11","3.14","-14.5","0.00","4392.29","0","COURTESY_REMINDER","0","0","Courtesy reminder only: this account normally pays on time, so treat it as an oversight."
"211","45","C0141","Lakeshore Contracting","Contractor","Southwest","Low","COL-03","Elena Ruiz","Commercial","2/10NET30","1926.19","930.63","930.63","0.00","930.63","0.00","18.61","18.61","0","535","2.03","-14.2","912.02","1014.17","0","APPLY_CASH","0","0","Do not call. Cash is already banked against this account and unmatched -- route to cash application to apply it before any collections contact."
"212","38","C0130","Keystone Mechanical","Contractor","Southeast","Low","COL-04","Tomas Okafor","Commercial","NET30","6621.13","5821.01","0.00","800.12","2495.77","0.00","18.07","18.07","0","48","4.73","8.4","2477.70","4143.43","0","COLLECTION_CALL","0","0","Collection call: oldest item is more than 30 days past due."
"213","30","C0134","Frontier MRO Services","MRO Reseller","Northeast","Medium","COL-05","Grace Lindqvist","Small Business","2/10NET30","9406.40","902.13","902.13","0.00","902.13","0.00","18.04","18.04","0","264","10.45","-5.6","884.09","8522.31","0","APPLY_CASH","0","0","Do not call. Cash is already banked against this account and unmatched -- route to cash application to apply it before any collections contact."
"214","26","C0196","Lakeshore MRO Services - Midwest","MRO Reseller","Midwest","Low","COL-06","Sam Horowitz","Small Business","2/10NET30","4212.75","4212.75","4212.75","0.00","4212.75","0.00","10.30","10.30","0","655","5.62","-13.6","4202.45","10.30","0","APPLY_CASH","0","0","Do not call. Cash is already banked against this account and unmatched -- route to cash application to apply it before any collections contact."
"215","37","C0369","Lakeshore Components","OEM Manufacturer","Midwest","High","COL-02","Marcus Bell","Strategic Accounts","NET60","178177.24","44915.29","6803.73","2947.38","20277.18","736.85","0.00","-5846.56","1","558","32.69","23.3","25571.10","152606.14","0","APPLY_CASH","0","0","Do not call. Cash is already banked against this account and unmatched -- route to cash application to apply it before any collections contact."
"216","40","C0139","Harbor Machine Works","OEM Manufacturer","Midwest","Medium","COL-01","Priya Natarajan","Strategic Accounts","NET45","82930.18","10532.97","5884.64","0.00","7445.04","0.00","0.00","-1494.66","1","264","14.55","11.5","8939.70","73990.48","0","APPLY_CASH","0","0","Do not call. Cash is already banked against this account and unmatched -- route to cash application to apply it before any collections contact."
"217","39","C0380","Silverline Construction","Contractor","Southwest","Low","COL-04","Tomas Okafor","Commercial","NET60","10996.37","3971.58","3971.58","0.00","3971.58","0.00","0.00","0.00","1","389","36.65","4.8","3971.58","7024.79","0","APPLY_CASH","0","0","Do not call. Cash is already banked against this account and unmatched -- route to cash application to apply it before any collections contact."
"218","41","C0017","Silverline Fabrication","OEM Manufacturer","Southwest","Low","COL-01","Priya Natarajan","Strategic Accounts","NET45","107560.49","3923.60","3923.60","14778.53","3923.60","0.00","0.00","0.00","1","307","21.51","7.6","3923.60","103636.89","0","APPLY_CASH","0","0","Do not call. Cash is already banked against this account and unmatched -- route to cash application to apply it before any collections contact."
"219","42","C0376","Summit Components - Midwest","OEM Manufacturer","Midwest","High","COL-01","Priya Natarajan","Strategic Accounts","NET45","98197.19","27755.26","3775.75","1902.49","10246.25","951.25","0.00","-2365.04","1","103","17.38","26.2","11897.85","86299.34","2","ESCALATE","0","1","Escalate: high-risk account carrying a 90+ balance. Hold further shipments and agree a payment plan or refer for recovery."
"220","43","C0326","Pioneer Manufacturing","OEM Manufacturer","Northeast","Low","COL-01","Priya Natarajan","Strategic Accounts","NET45","65312.72","3702.23","3702.23","7363.33","3702.23","0.00","0.00","0.00","1","682","20.73","6.5","3702.23","61610.49","0","APPLY_CASH","0","0","Do not call. Cash is already banked against this account and unmatched -- route to cash application to apply it before any collections contact."
"221","31","C0391","Keystone MRO Services - Northeast","MRO Reseller","Northeast","Low","COL-05","Grace Lindqvist","Small Business","NET30","8584.88","6254.84","3595.83","0.00","4260.58","0.00","0.00","-1813.62","1","111","28.62","4.9","6074.20","2510.68","0","APPLY_CASH","0","0","Do not call. Cash is already banked against this account and unmatched -- route to cash application to apply it before any collections contact."
"222","32","C0151","Riverbend MRO Services - Northeast 3","MRO Reseller","Northeast","Low","COL-05","Grace Lindqvist","Small Business","NET30","8215.01","2414.29","2414.29","831.71","2414.29","0.00","0.00","-685.52","1","511","6.85","5.8","3099.81","5115.20","0","APPLY_CASH","0","0","Do not call. Cash is already banked against this account and unmatched -- route to cash application to apply it before any collections contact."
"223","38","C0045","Lakeshore Machine Works","OEM Manufacturer","Southeast","Low","COL-02","Marcus Bell","Strategic Accounts","NET45","27739.38","2288.75","2288.75","0.00","2288.75","0.00","0.00","0.00","1","159","10.47","10.3","2288.75","25450.63","0","APPLY_CASH","0","0","Do not call. Cash is already banked against this account and unmatched -- route to cash application to apply it before any collections contact."
"224","46","C0307","Westbrook Contracting - Northeast","Contractor","Northeast","Medium","COL-03","Elena Ruiz","Commercial","NET30","6751.30","1806.13","1806.13","3277.72","1806.13","0.00","0.00","0.00","1","123","7.94","14.3","1806.13","4945.17","0","APPLY_CASH","0","0","Do not call. Cash is already banked against this account and unmatched -- route to cash application to apply it before any collections contact."
"225","39","C0147","Apex Manufacturing - Northeast","OEM Manufacturer","Northeast","Low","COL-02","Marcus Bell","Strategic Accounts","NET45","103119.74","15008.06","1792.87","2110.50","5096.67","0.00","0.00","-7448.55","1","587","22.66","5.2","12545.22","90574.52","0","APPLY_CASH","0","0","Do not call. Cash is already banked against this account and unmatched -- route to cash application to apply it before any collections contact."
"226","47","C0058","Lakeshore Builders","Contractor","Southwest","Low","COL-03","Elena Ruiz","Commercial","NET60","12680.10","1653.18","1653.18","0.00","1653.18","0.00","0.00","0.00","1","458","23.05","5.1","1653.18","11026.92","0","APPLY_CASH","0","0","Do not call. Cash is already banked against this account and unmatched -- route to cash application to apply it before any collections contact."
"227","33","C0080","Frontier Maintenance Supply","MRO Reseller","Northeast","Medium","COL-05","Grace Lindqvist","Small Business","NET30","21192.47","1576.11","1576.11","0.00","1576.11","0.00","0.00","0.00","1","96","42.38","11.2","1576.11","19616.36","0","APPLY_CASH","0","0","Do not call. Cash is already banked against this account and unmatched -- route to cash application to apply it before any collections contact."
"228","44","C0170","Titan Industries","OEM Manufacturer","Northeast","Low","COL-01","Priya Natarajan","Strategic Accounts","NET45","122676.78","1529.01","1529.01","11157.59","1529.01","0.00","0.00","0.00","1","436","21.15","5.7","1529.01","121147.77","0","APPLY_CASH","0","0","Do not call. Cash is already banked against this account and unmatched -- route to cash application to apply it before any collections contact."
"229","48","C0115","Ironbridge Contracting","Contractor","Northeast","Low","COL-03","Elena Ruiz","Commercial","NET30","6886.48","1417.00","1417.00","0.00","1417.00","0.00","0.00","0.00","1","504","10.59","7.5","1417.00","5469.48","0","APPLY_CASH","0","0","Do not call. Cash is already banked against this account and unmatched -- route to cash application to apply it before any collections contact."
"230","40","C0034","Crestview Contracting","Contractor","Southwest","Low","COL-04","Tomas Okafor","Commercial","NET60","4962.52","1402.84","1402.84","831.71","1402.84","0.00","0.00","0.00","1","396","6.62","5.5","1402.84","3559.68","0","APPLY_CASH","0","0","Do not call. Cash is already banked against this account and unmatched -- route to cash application to apply it before any collections contact."
"231","34","C0186","Redline Parts & Service - Northeast","MRO Reseller","Northeast","Low","COL-05","Grace Lindqvist","Small Business","NET30","6839.92","1041.56","1041.56","0.00","1041.56","0.00","0.00","0.00","1","238","6.84","5.9","1041.56","5798.36","0","APPLY_CASH","0","0","Do not call. Cash is already banked against this account and unmatched -- route to cash application to apply it before any collections contact."
"232","49","C0128","Summit Builders","Contractor","Southwest","Low","COL-03","Elena Ruiz","Commercial","NET60","28993.47","1188.03","847.17","0.00","1017.60","0.00","0.00","-170.43","1","102","23.19","5.7","1188.03","27805.44","0","APPLY_CASH","0","0","Do not call. Cash is already banked against this account and unmatched -- route to cash application to apply it before any collections contact."
"233","41","C0238","Oakmont Builders - Midwest","Contractor","Midwest","Low","COL-04","Tomas Okafor","Commercial","NET30","32487.23","843.00","843.00","0.00","843.00","0.00","0.00","0.00","1","117","22.40","3.2","843.00","31644.23","1","APPLY_CASH","0","0","Do not call. Cash is already banked against this account and unmatched -- route to cash application to apply it before any collections contact."
"234","42","C0265","Westbrook Mechanical - Southwest 3","Contractor","Southwest","Medium","COL-04","Tomas Okafor","Commercial","NET60","28932.36","822.99","822.99","0.00","822.99","0.00","0.00","0.00","1","206","34.04","11.7","822.99","28109.37","0","APPLY_CASH","0","0","Do not call. Cash is already banked against this account and unmatched -- route to cash application to apply it before any collections contact."
"235","43","C0251","Silverline Mechanical - Southwest","Contractor","Southwest","Low","COL-04","Tomas Okafor","Commercial","NET60","13038.52","4924.60","800.42","0.00","1831.47","0.00","0.00","-2234.19","1","500","9.31","7.6","4065.66","8972.86","0","APPLY_CASH","0","0","Do not call. Cash is already banked against this account and unmatched -- route to cash application to apply it before any collections contact."
"236","27","C0182","Lakeshore Parts & Service","MRO Reseller","Midwest","Medium","COL-06","Sam Horowitz","Small Business","NET30","5031.57","574.59","574.59","0.00","574.59","0.00","0.00","0.00","1","536","10.06","14.9","574.59","4456.98","0","APPLY_CASH","0","0","Do not call. Cash is already banked against this account and unmatched -- route to cash application to apply it before any collections contact."
"237","28","C0008","Silverline Maintenance Supply","MRO Reseller","Southwest","Low","COL-06","Sam Horowitz","Small Business","NET30","12272.84","507.20","507.20","0.00","507.20","0.00","0.00","0.00","1","349","11.69","5.8","507.20","11765.64","0","APPLY_CASH","0","0","Do not call. Cash is already banked against this account and unmatched -- route to cash application to apply it before any collections contact."
"238","44","C0076","Cedar Ridge Construction","Contractor","West","Low","COL-04","Tomas Okafor","Commercial","NET60","11130.61","365.01","365.01","0.00","365.01","0.00","0.00","0.00","1","266","10.12","5.4","365.01","10765.60","0","APPLY_CASH","0","0","Do not call. Cash is already banked against this account and unmatched -- route to cash application to apply it before any collections contact."
"239","45","C0298","Cedar Ridge Contracting - Northeast","Contractor","Northeast","Low","COL-01","Priya Natarajan","Strategic Accounts","NET30","11454.01","1857.57","345.10","0.00","723.22","0.00","0.00","-868.74","1","502","7.64","4.5","1591.96","9862.05","0","APPLY_CASH","0","0","Do not call. Cash is already banked against this account and unmatched -- route to cash application to apply it before any collections contact."
"240","35","C0010","Westbrook MRO Services","MRO Reseller","West","Low","COL-05","Grace Lindqvist","Small Business","2/10NET30","5869.44","0.00","0.00","1281.60","0.00","0.00","0.00","0.00","1","-2","6.52","-16.2","0.00","5869.44","0","RESOLVE_DISPUTE","0","0","Route to billing/sales: most of this balance is disputed and will not pay until the dispute closes."
"241","45","C0021","Stonegate Electric","Contractor","Northeast","Low","COL-04","Tomas Okafor","Commercial","2/10NET30","923.64","0.00","0.00","923.64","0.00","0.00","0.00","0.00","1","0","1.23","-19.6","0.00","923.64","0","RESOLVE_DISPUTE","0","0","Route to billing/sales: most of this balance is disputed and will not pay until the dispute closes."
"242","50","C0025","Oakmont County Facilities","Institutional","West","Low","COL-03","Elena Ruiz","Commercial","NET90","8881.87","2594.37","0.00","0.00","648.59","0.00","0.00","-579.68","1","16","13.66","21.9","1228.27","7653.60","0","STANDARD_DUNNING","0","0","Standard dunning letter and follow-up call."
"243","40","C0027","Oakmont Machine Works","OEM Manufacturer","Northeast","Low","COL-02","Marcus Bell","Strategic Accounts","NET45","39822.84","0.00","0.00","18093.50","0.00","0.00","0.00","0.00","1","-9","17.31","5.0","0.00","39822.84","0","RESOLVE_DISPUTE","0","0","Route to billing/sales: most of this balance is disputed and will not pay until the dispute closes."
"244","46","C0051","Silverline Builders","Contractor","West","Low","COL-04","Tomas Okafor","Commercial","2/10NET30","15090.94","6456.32","0.00","0.00","1614.08","0.00","0.00","-4842.24","1","3","43.12","-17.9","6456.32","8634.62","0","APPLY_CASH","0","0","Do not call. Cash is already banked against this account and unmatched -- route to cash application to apply it before any collections contact."
"245","47","C0083","Bluewater Builders","Contractor","Southwest","Low","COL-04","Tomas Okafor","Commercial","NET60","20509.28","0.00","0.00","3138.36","0.00","0.00","0.00","0.00","1","-3","51.27","6.8","0.00","20509.28","0","RESOLVE_DISPUTE","0","0","Route to billing/sales: most of this balance is disputed and will not pay until the dispute closes."
"246","36","C0096","Redline Parts & Service","MRO Reseller","Southwest","Low","COL-05","Grace Lindqvist","Small Business","2/10NET30","11296.82","0.00","0.00","3287.34","0.00","0.00","0.00","0.00","1","-8","13.29","-14.0","0.00","11296.82","0","RESOLVE_DISPUTE","0","0","Route to billing/sales: most of this balance is disputed and will not pay until the dispute closes."
"247","41","C0120","Ironbridge Medical Center","Institutional","Southeast","Low","COL-02","Marcus Bell","Strategic Accounts","NET60","19625.94","0.00","0.00","4525.91","0.00","0.00","0.00","0.00","1","-10","11.21","21.7","0.00","19625.94","0","RESOLVE_DISPUTE","0","0","Route to billing/sales: most of this balance is disputed and will not pay until the dispute closes."
"248","46","C0122","Frontier Fabrication - Northeast","OEM Manufacturer","Northeast","Low","COL-01","Priya Natarajan","Strategic Accounts","NET45","62245.00","17423.12","0.00","4945.51","4564.30","0.00","0.00","-12024.73","1","48","14.31","5.1","16589.03","45655.97","0","APPLY_CASH","0","0","Do not call. Cash is already banked against this account and unmatched -- route to cash application to apply it before any collections contact."
"249","48","C0138","Ironbridge Mechanical - Midwest 4","Contractor","Midwest","Low","COL-04","Tomas Okafor","Commercial","NET30","18461.95","6650.25","0.00","931.61","3092.22","232.90","0.00","-2801.10","1","38","13.19","6.4","5718.64","12743.31","0","APPLY_CASH","0","0","Do not call. Cash is already banked against this account and unmatched -- route to cash application to apply it before any collections contact."
"250","51","C0160","Summit Electric","Contractor","Midwest","Low","COL-03","Elena Ruiz","Commercial","2/10NET30","6453.66","0.00","0.00","3072.60","0.00","0.00","0.00","0.00","1","-7","5.38","-15.7","0.00","6453.66","0","RESOLVE_DISPUTE","0","0","Route to billing/sales: most of this balance is disputed and will not pay until the dispute closes."
"251","52","C0180","Titan Contracting","Contractor","Southwest","Low","COL-03","Elena Ruiz","Commercial","NET60","10549.44","2126.20","0.00","0.00","1063.10","0.00","0.00","-1063.10","1","39","42.20","2.9","2126.20","8423.24","0","APPLY_CASH","0","0","Do not call. Cash is already banked against this account and unmatched -- route to cash application to apply it before any collections contact."
"252","29","C0185","Harbor Supply Co.","MRO Reseller","Southwest","Low","COL-06","Sam Horowitz","Small Business","NET30","4918.35","2387.01","0.00","0.00","1790.26","0.00","0.00","-596.75","1","73","8.20","7.2","2387.01","2531.34","0","APPLY_CASH","0","0","Do not call. Cash is already banked against this account and unmatched -- route to cash application to apply it before any collections contact."
"253","47","C0195","Redline Manufacturing","OEM Manufacturer","Southwest","Medium","COL-01","Priya Natarajan","Strategic Accounts","NET60","58855.62","4996.89","0.00","1630.92","1249.22","0.00","0.00","-3747.67","1","18","16.35","11.6","4996.89","53858.73","0","APPLY_CASH","0","0","Do not call. Cash is already banked against this account and unmatched -- route to cash application to apply it before any collections contact."
"254","48","C0197","Harbor Machine Works - Southwest 3","OEM Manufacturer","Southwest","Low","COL-01","Priya Natarajan","Strategic Accounts","NET60","63838.80","0.00","0.00","1630.87","0.00","0.00","0.00","0.00","1","-5","13.58","5.0","0.00","63838.80","0","RESOLVE_DISPUTE","0","0","Route to billing/sales: most of this balance is disputed and will not pay until the dispute closes."
"255","49","C0211","Ironbridge Builders","Contractor","West","Low","COL-04","Tomas Okafor","Commercial","NET60","19129.87","5733.22","0.00","0.00","1433.31","0.00","0.00","-1548.76","1","4","22.51","3.5","2982.07","16147.80","0","APPLY_CASH","0","0","Do not call. Cash is already banked against this account and unmatched -- route to cash application to apply it before any collections contact."
"256","30","C0218","Riverbend Parts & Service - Midwest","MRO Reseller","Midwest","Low","COL-06","Sam Horowitz","Small Business","NET30","19062.14","1498.04","0.00","0.00","374.51","0.00","0.00","-1123.53","1","6","16.58","6.1","1498.04","17564.10","0","APPLY_CASH","0","0","Do not call. Cash is already banked against this account and unmatched -- route to cash application to apply it before any collections contact."
"257","53","C0219","Titan Construction - Southwest 3","Contractor","Southwest","Low","COL-03","Elena Ruiz","Commercial","NET60","48336.70","14205.25","0.00","0.00","3551.31","0.00","0.00","-2846.52","1","30","42.03","6.1","6397.83","41938.87","0","STANDARD_DUNNING","0","0","Standard dunning letter and follow-up call."
"258","50","C0234","Redline University Facilities - Midwest 3","Institutional","Midwest","Low","COL-04","Tomas Okafor","Commercial","NET90","30367.54","19450.60","0.00","0.00","4862.65","0.00","0.00","-3358.94","1","24","20.94","26.0","8221.59","22145.95","0","STANDARD_DUNNING","0","0","Standard dunning letter and follow-up call."
"259","51","C0235","Riverbend Electric - Southeast","Contractor","Southeast","Medium","COL-04","Tomas Okafor","Commercial","NET30","10798.11","9108.22","0.00","0.00","2277.06","0.00","0.00","-5997.10","1","20","7.45","12.1","8274.16","2523.95","0","APPLY_CASH","0","0","Do not call. Cash is already banked against this account and unmatched -- route to cash application to apply it before any collections contact."
"260","52","C0258","Riverbend Contracting - Midwest","Contractor","Midwest","Low","COL-04","Tomas Okafor","Commercial","NET30","5265.61","2428.46","0.00","0.00","607.12","0.00","0.00","-2230.03","1","26","17.55","7.3","2837.15","2428.46","0","APPLY_CASH","0","0","Do not call. Cash is already banked against this account and unmatched -- route to cash application to apply it before any collections contact."
"261","37","C0262","Titan Industrial Supply","MRO Reseller","Midwest","Medium","COL-05","Grace Lindqvist","Small Business","NET30","9711.72","3099.30","0.00","0.00","774.83","0.00","0.00","-2324.47","1","26","8.83","14.3","3099.30","6612.42","0","APPLY_CASH","0","0","Do not call. Cash is already banked against this account and unmatched -- route to cash application to apply it before any collections contact."
"262","54","C0264","Crestview Electric - Midwest","Contractor","Midwest","Low","COL-03","Elena Ruiz","Commercial","NET30","12024.06","1499.82","0.00","0.00","374.96","0.00","0.00","-1124.86","1","4","18.50","5.8","1499.82","10524.24","0","APPLY_CASH","0","0","Do not call. Cash is already banked against this account and unmatched -- route to cash application to apply it before any collections contact."
"263","53","C0291","Redline Contracting","Contractor","Southeast","Low","COL-04","Tomas Okafor","Commercial","NET30","10161.73","1384.50","0.00","0.00","346.13","0.00","0.00","-1038.37","1","3","13.55","6.3","1384.50","8777.23","0","APPLY_CASH","0","0","Do not call. Cash is already banked against this account and unmatched -- route to cash application to apply it before any collections contact."
"264","49","C0294","Titan Components","OEM Manufacturer","Northeast","Low","COL-01","Priya Natarajan","Strategic Accounts","NET60","49151.53","2883.43","0.00","0.00","2162.57","0.00","0.00","-720.86","1","71","22.86","5.6","2883.43","46268.10","1","APPLY_CASH","0","0","Do not call. Cash is already banked against this account and unmatched -- route to cash application to apply it before any collections contact."
"265","42","C0299","Silverline Industries","OEM Manufacturer","Southwest","Low","COL-02","Marcus Bell","Strategic Accounts","NET60","90910.94","19833.51","0.00","4253.33","4958.38","1063.33","0.00","-11419.30","1","10","22.45","5.7","15580.18","75330.76","0","APPLY_CASH","0","0","Do not call. Cash is already banked against this account and unmatched -- route to cash application to apply it before any collections contact."
"266","54","C0300","Cedar Ridge Contracting - West 3","Contractor","West","Medium","COL-04","Tomas Okafor","Commercial","2/10NET30","2395.99","2395.99","0.00","0.00","599.00","0.00","0.00","-1796.99","1","13","3.69","-4.6","2395.99","0.00","0","APPLY_CASH","0","0","Do not call. Cash is already banked against this account and unmatched -- route to cash application to apply it before any collections contact."
"267","43","C0314","Cedar Ridge Fabrication","OEM Manufacturer","Southeast","Low","COL-02","Marcus Bell","Strategic Accounts","NET60","49847.08","0.00","0.00","19972.27","0.00","0.00","0.00","0.00","1","-10","18.13","7.4","0.00","49847.08","0","RESOLVE_DISPUTE","0","0","Route to billing/sales: most of this balance is disputed and will not pay until the dispute closes."
"268","31","C0317","Apex Industrial Supply","MRO Reseller","West","Low","COL-06","Sam Horowitz","Small Business","NET30","9464.29","4944.54","0.00","0.00","1236.14","0.00","0.00","-3188.83","1","10","9.46","5.3","4424.97","5039.32","0","APPLY_CASH","0","0","Do not call. Cash is already banked against this account and unmatched -- route to cash application to apply it before any collections contact."
"269","50","C0327","Ironbridge Water Authority","Institutional","Midwest","Low","COL-01","Priya Natarajan","Strategic Accounts","NET90","51196.88","17807.08","0.00","0.00","4451.77","0.00","0.00","-1969.75","1","22","26.25","22.5","6421.52","44775.36","0","STANDARD_DUNNING","0","0","Standard dunning letter and follow-up call."
"270","44","C0348","Bluewater Manufacturing","OEM Manufacturer","Midwest","Low","COL-02","Marcus Bell","Strategic Accounts","NET60","61996.38","0.00","0.00","6528.44","0.00","0.00","0.00","0.00","1","-3","27.55","3.6","0.00","61996.38","0","RESOLVE_DISPUTE","0","0","Route to billing/sales: most of this balance is disputed and will not pay until the dispute closes."
"271","45","C0350","Crestview Industries","OEM Manufacturer","West","Low","COL-02","Marcus Bell","Strategic Accounts","NET45","33344.03","10085.17","0.00","0.00","2521.29","0.00","0.00","-7563.88","1","11","9.95","6.8","10085.17","23258.86","0","APPLY_CASH","0","0","Do not call. Cash is already banked against this account and unmatched -- route to cash application to apply it before any collections contact."
"272","38","C0385","Cedar Ridge Maintenance Supply - Southeast","MRO Reseller","Southeast","Medium","COL-05","Grace Lindqvist","Small Business","NET30","9077.63","3231.70","0.00","0.00","807.93","0.00","0.00","-113.77","1","27","36.31","14.0","921.70","8155.93","0","STANDARD_DUNNING","0","0","Standard dunning letter and follow-up call."
