"PriorityRank","BuyerRank","PartNumber","PartName","Category","Criticality","QualifiedSupplierCount","QualificationMonths","IsSingleSource","VendorID","VendorName","VendorTier","LumenRevenueSharePct","BuyerID","BuyerName","Team","FirstPrice","LastPrice","ExpectedPrice","BenchmarkErosionPct","ActualErosionPct","ErosionCapturePct","ErosionGapPerUnit","TTMQty","TTMSpend","AnnualOpportunity","RejectedValue","PPV","OffContractSpend","AcceptanceRatePct","LeverageScore","ActionCode","IsThisQuarter","RecommendedAction"
"1","1","LOM-0104","Laser Diode Component 0104","Laser Diode","Commodity","2","0","0","VEN-003","Crystalline GmbH","Strategic","3.69","BUY-01","Adaeze Okonkwo","Optoelectronics","583.3423","652.1172","471.7667","8.00","-4.474","-55.93","180.3505","1108","714564.24","199828.40","6453.74","","714564.24","99.10","59.0","PUT_ON_CONTRACT","1","Most of this spend has no agreement in force. Put it under contract before attempting to negotiate a price against nothing."
"2","2","LOM-0128","Laser Diode Assy 0128","Laser Diode","Critical","2","9","0","VEN-015","Crystalline Industries","Preferred","3.57","BUY-01","Adaeze Okonkwo","Optoelectronics","849.1721","832.8071","682.1857","8.00","0.738","9.23","150.6214","1189","997643.82","179088.80","6721.47","-1116.53","0.00","99.15","35.0","RENEGOTIATE","1","Renegotiate: a credible alternative exists and the supplier cares about our volume. Open with the category erosion benchmark."
"3","3","LOM-0096","Laser Diode Module 0096","Laser Diode","Standard","1","2","1","VEN-011","Kestrel Optical GmbH","Preferred","3.73","BUY-01","Adaeze Okonkwo","Optoelectronics","416.4004","443.9747","327.8618","8.00","-2.262","-28.28","116.1129","1521","686912.99","176607.69","5872.56","","686912.99","99.09","37.0","PUT_ON_CONTRACT","1","Most of this spend has no agreement in force. Put it under contract before attempting to negotiate a price against nothing."
"4","4","LOM-0048","Laser Diode Module 0048","Laser Diode","Standard","3","5","0","VEN-008","Meridian Photonics GmbH","Preferred","5.01","BUY-01","Adaeze Okonkwo","Optoelectronics","770.4723","724.0698","610.5554","8.00","2.202","27.53","113.5144","1357","988567.39","154039.04","5129.45","2149.92","0.00","99.26","70.0","RENEGOTIATE","1","Renegotiate: a credible alternative exists and the supplier cares about our volume. Open with the category erosion benchmark."
"5","1","LOM-0057","Photodetector Module 0057","Photodetector","Standard","1","2","1","VEN-005","Helix Optics GmbH","Strategic","1.75","BUY-02","Rafael Duarte","Optoelectronics","454.9047","499.5045","379.0049","6.50","-3.504","-53.91","120.4996","875","436614.97","105437.11","3030.77","0.00","378435.02","98.95","37.0","PUT_ON_CONTRACT","1","Most of this spend has no agreement in force. Put it under contract before attempting to negotiate a price against nothing."
"6","1","LOM-0082","Optical Fibre Module 0082","Optical Fibre","Standard","1","2","1","VEN-032","Meridian Photonics Technologies","Transactional","28.30","BUY-03","Mei-Ling Chow","Optics & Coatings","43.7097","43.6912","39.2633","4.00","0.016","0.40","4.4279","23567","1026650.19","104353.40","7411.81","1892.88","0.00","99.23","60.0","RENEGOTIATE","1","Renegotiate: a credible alternative exists and the supplier cares about our volume. Open with the category erosion benchmark."
"7","2","LOM-0024","Laser Diode Module 0024","Laser Diode","Standard","1","2","1","VEN-019","Quantex Industries","Approved","16.00","BUY-02","Rafael Duarte","Optoelectronics","432.7746","444.2963","345.3884","8.00","-0.976","-12.20","98.9079","1026","454797.44","101479.51","3530.55","-1270.08","0.00","99.20","60.0","RENEGOTIATE","1","Renegotiate: a credible alternative exists and the supplier cares about our volume. Open with the category erosion benchmark."
"8","2","LOM-0130","Optical Fibre Assy 0130","Optical Fibre","Critical","1","6","1","VEN-008","Meridian Photonics GmbH","Preferred","5.01","BUY-03","Mei-Ling Chow","Optics & Coatings","40.0790","41.7484","35.9887","4.00","-1.560","-39.00","5.7597","16744","694927.10","96439.91","4725.75","-1228.31","0.00","99.26","27.0","DUAL_SOURCE","1","Sole source with real money at stake and a reachable requalification. Qualify a second supplier, then reopen the price."
"9","5","LOM-0009","Photodetector Module 0009","Photodetector","Standard","3","5","0","VEN-020","Meridian Photonics Industries","Approved","12.07","BUY-01","Adaeze Okonkwo","Optoelectronics","430.4107","430.1006","357.4186","6.50","0.026","0.40","72.6820","1293","557683.88","93977.83","3886.54","1533.19","0.00","99.23","79.0","RENEGOTIATE","1","Renegotiate: a credible alternative exists and the supplier cares about our volume. Open with the category erosion benchmark."
"10","1","LOM-0106","Optical Fibre Assy 0106","Optical Fibre","Critical","1","8","1","VEN-010","Vectra GmbH","Preferred","5.43","BUY-04","Johan Lindberg","Optics & Coatings","53.2035","52.2099","47.9085","4.00","0.732","18.30","4.3014","21131","1096526.65","90892.88","4801.95","-6814.55","0.00","99.42","27.0","DUAL_SOURCE","1","Sole source with real money at stake and a reachable requalification. Qualify a second supplier, then reopen the price."
"11","6","LOM-0120","Laser Diode Component 0120","Laser Diode","Commodity","3","0","0","VEN-016","Spectra Industries","Preferred","7.82","BUY-01","Adaeze Okonkwo","Optoelectronics","1008.4116","947.0531","820.3755","8.00","2.505","31.31","126.6776","675","646871.89","85507.38","8674.26","-3184.75","0.00","98.67","77.0","RENEGOTIATE","1","Renegotiate: a credible alternative exists and the supplier cares about our volume. Open with the category erosion benchmark."
"12","3","LOM-0123","Lens Assembly Assy 0123","Lens Assembly","Critical","3","11","0","VEN-008","Meridian Photonics GmbH","Preferred","5.01","BUY-03","Mei-Ling Chow","Optics & Coatings","231.4630","264.5891","214.1721","3.00","-5.388","-179.60","50.4170","1548","410583.38","78045.54","5312.16","","410583.38","98.43","61.0","PUT_ON_CONTRACT","1","Most of this spend has no agreement in force. Put it under contract before attempting to negotiate a price against nothing."
"13","2","LOM-0134","Fibre Connector Assy 0134","Fibre Connector","Critical","1","7","1","VEN-010","Vectra GmbH","Preferred","5.43","BUY-04","Johan Lindberg","Optics & Coatings","39.0427","39.3292","31.7295","7.00","-0.256","-3.66","7.5997","9567","375755.12","72706.70","2512.01","359.32","0.00","99.12","27.0","DUAL_SOURCE","1","Sole source with real money at stake and a reachable requalification. Qualify a second supplier, then reopen the price."
"14","4","LOM-0098","Optical Fibre Component 0098","Optical Fibre","Commodity","3","1","0","VEN-028","Spectra Technologies","Approved","8.62","BUY-03","Mei-Ling Chow","Optics & Coatings","41.8861","41.3811","37.6759","4.00","0.466","11.65","3.7052","17826","739415.54","66048.73","3333.92","-4513.82","625911.87","99.40","90.0","PUT_ON_CONTRACT","1","Most of this spend has no agreement in force. Put it under contract before attempting to negotiate a price against nothing."
"15","3","LOM-0074","Optical Fibre Assy 0074","Optical Fibre","Critical","1","6","1","VEN-027","Crystalline Technologies","Approved","14.24","BUY-04","Johan Lindberg","Optics & Coatings","33.6975","33.5533","30.3166","4.00","0.166","4.15","3.2367","19787","667640.96","64044.58","3746.83","3309.11","0.00","99.27","36.0","DUAL_SOURCE","1","Sole source with real money at stake and a reachable requalification. Qualify a second supplier, then reopen the price."
"16","7","LOM-0016","Laser Diode Assy 0016","Laser Diode","Critical","1","8","1","VEN-017","Helix Optics Industries","Approved","10.21","BUY-01","Adaeze Okonkwo","Optoelectronics","277.7121","276.7181","224.8378","8.00","0.142","1.78","51.8803","1229","341330.30","63760.89","2214.74","1085.55","0.00","99.35","36.0","DUAL_SOURCE","1","Sole source with real money at stake and a reachable requalification. Qualify a second supplier, then reopen the price."
"17","8","LOM-0097","Photodetector Module 0097","Photodetector","Standard","3","5","0","VEN-014","Photonica Industries","Preferred","4.81","BUY-01","Adaeze Okonkwo","Optoelectronics","493.6902","466.4701","413.8146","6.50","2.137","32.88","52.6555","1173","548805.62","61764.90","3744.06","-4017.96","0.00","99.22","70.0","RENEGOTIATE","1","Renegotiate: a credible alternative exists and the supplier cares about our volume. Open with the category erosion benchmark."
"18","4","LOM-0043","Lens Assembly Module 0043","Lens Assembly","Standard","1","2","1","VEN-029","Helix Optics Technologies","Transactional","36.48","BUY-04","Johan Lindberg","Optics & Coatings","291.2355","319.6986","268.3817","3.00","-3.536","-117.87","51.3169","1203","378324.53","61734.18","4989.08","0.00","373648.30","98.67","64.0","PUT_ON_CONTRACT","1","Most of this spend has no agreement in force. Put it under contract before attempting to negotiate a price against nothing."
"19","3","LOM-0001","Photodetector Assy 0001","Photodetector","Critical","1","7","1","VEN-015","Crystalline Industries","Preferred","3.57","BUY-02","Rafael Duarte","Optoelectronics","356.6531","351.4468","296.9268","6.50","0.538","8.28","54.5200","1109","403455.27","60462.65","2515.61","","403455.27","99.15","23.0","PUT_ON_CONTRACT","1","Most of this spend has no agreement in force. Put it under contract before attempting to negotiate a price against nothing."
"20","5","LOM-0034","Optical Fibre Assy 0034","Optical Fibre","Critical","2","9","0","VEN-016","Spectra Industries","Preferred","7.82","BUY-03","Mei-Ling Chow","Optics & Coatings","48.7896","47.5173","43.9339","4.00","1.024","25.60","3.5834","15253","742352.47","54657.48","4865.56","0.00","548411.66","99.34","47.0","PUT_ON_CONTRACT","1","Most of this spend has no agreement in force. Put it under contract before attempting to negotiate a price against nothing."
"21","4","LOM-0048","Laser Diode Module 0048","Laser Diode","Standard","3","5","0","VEN-014","Photonica Industries","Preferred","4.81","BUY-02","Rafael Duarte","Optoelectronics","770.4723","772.2882","611.9825","8.00","-0.085","-1.06","160.3057","311","241053.34","49855.09","1534.40","","241053.34","99.16","74.0","PUT_ON_CONTRACT","1","Most of this spend has no agreement in force. Put it under contract before attempting to negotiate a price against nothing."
"22","1","LOM-0125","Precision Mount Component 0125","Precision Mount","Commodity","2","0","0","VEN-009","Oribel GmbH","Preferred","9.47","BUY-05","Priya Raghunathan","Mechanical & Thermal","190.5134","227.3285","180.4508","2.00","-6.799","-339.95","46.8777","1042","235463.37","48846.59","1817.91","","235463.37","99.02","76.0","PUT_ON_CONTRACT","1","Most of this spend has no agreement in force. Put it under contract before attempting to negotiate a price against nothing."
"23","9","LOM-0041","Photodetector Component 0041","Photodetector","Commodity","3","1","0","VEN-009","Oribel GmbH","Preferred","9.47","BUY-01","Adaeze Okonkwo","Optoelectronics","397.8700","370.5631","328.2054","6.50","2.452","37.72","42.3577","1078","412368.80","45661.64","3817.99","","412368.80","99.06","90.0","PUT_ON_CONTRACT","0","Most of this spend has no agreement in force. Put it under contract before attempting to negotiate a price against nothing."
"24","5","LOM-0083","Lens Assembly Assy 0083","Lens Assembly","Critical","1","8","1","VEN-003","Crystalline GmbH","Strategic","3.69","BUY-04","Johan Lindberg","Optics & Coatings","360.3215","361.6906","332.9883","3.00","-0.147","-4.90","28.7023","1518","550211.70","43570.09","8343.48","1153.07","0.00","98.40","19.0","DUAL_SOURCE","1","Sole source with real money at stake and a reachable requalification. Qualify a second supplier, then reopen the price."
"25","6","LOM-0042","Optical Fibre Assy 0042","Optical Fibre","Critical","1","6","1","VEN-032","Meridian Photonics Technologies","Transactional","28.30","BUY-03","Mei-Ling Chow","Optics & Coatings","59.4097","56.7890","53.1206","4.00","1.633","40.83","3.6684","11552","660641.39","42377.36","4293.41","2169.26","0.00","99.35","46.0","DUAL_SOURCE","1","Sole source with real money at stake and a reachable requalification. Qualify a second supplier, then reopen the price."
"26","7","LOM-0086","Fibre Connector Assy 0086","Fibre Connector","Critical","1","8","1","VEN-004","Spectra GmbH","Strategic","1.51","BUY-03","Mei-Ling Chow","Optics & Coatings","31.1466","30.6557","25.7423","7.00","0.603","8.61","4.9134","8454","264990.97","41537.77","1970.28","2140.01","0.00","99.20","19.0","DUAL_SOURCE","1","Sole source with real money at stake and a reachable requalification. Qualify a second supplier, then reopen the price."
"27","8","LOM-0012","Optical Coating Component 0012","Optical Coating","Commodity","3","1","0","VEN-008","Meridian Photonics GmbH","Preferred","5.01","BUY-03","Mei-Ling Chow","Optics & Coatings","99.5340","109.0634","87.9375","5.00","-3.859","-77.18","21.1259","1932","208598.07","40815.32","3115.06","0.00","162967.31","98.50","81.0","PUT_ON_CONTRACT","1","Most of this spend has no agreement in force. Put it under contract before attempting to negotiate a price against nothing."
"28","9","LOM-0118","Fibre Connector Component 0118","Fibre Connector","Commodity","2","0","0","VEN-028","Spectra Technologies","Approved","8.62","BUY-03","Mei-Ling Chow","Optics & Coatings","40.5090","41.1374","33.7608","7.00","-0.615","-8.79","7.3766","5413","221109.18","39929.54","1829.63","-1582.36","0.00","99.17","72.0","RENEGOTIATE","0","Renegotiate: a credible alternative exists and the supplier cares about our volume. Open with the category erosion benchmark."
"29","10","LOM-0121","Photodetector Component 0121","Photodetector","Commodity","2","0","0","VEN-010","Vectra GmbH","Preferred","5.43","BUY-01","Adaeze Okonkwo","Optoelectronics","290.7632","283.7632","243.8672","6.50","0.927","14.26","39.8960","996","301642.47","39736.42","3061.66","0.00","291742.31","98.89","67.0","PUT_ON_CONTRACT","0","Most of this spend has no agreement in force. Put it under contract before attempting to negotiate a price against nothing."
"30","2","LOM-0127","Thermal Control Assy 0127","Thermal Control","Critical","2","9","0","VEN-008","Meridian Photonics GmbH","Preferred","5.01","BUY-05","Priya Raghunathan","Mechanical & Thermal","148.4254","161.3254","128.7344","5.50","-3.368","-61.24","32.5910","1204","193171.34","39239.57","1599.14","","193171.34","99.11","47.0","PUT_ON_CONTRACT","1","Most of this spend has no agreement in force. Put it under contract before attempting to negotiate a price against nothing."
"31","10","LOM-0030","Fibre Connector Component 0030","Fibre Connector","Commodity","1","0","1","VEN-013","Lumitek Industries","Preferred","9.15","BUY-03","Mei-Ling Chow","Optics & Coatings","20.5480","20.4936","16.8281","7.00","0.096","1.37","3.6655","10035","208052.08","36783.37","1560.98","481.80","0.00","99.14","50.0","RENEGOTIATE","0","Renegotiate: a credible alternative exists and the supplier cares about our volume. Open with the category erosion benchmark."
"32","11","LOM-0008","Laser Diode Component 0008","Laser Diode","Commodity","2","0","0","VEN-014","Photonica Industries","Preferred","4.81","BUY-01","Adaeze Okonkwo","Optoelectronics","762.9303","645.1402","601.8125","8.00","5.725","71.56","43.3277","847","550530.44","36698.52","3245.43","1019.70","0.00","99.37","63.0","RENEGOTIATE","0","Renegotiate: a credible alternative exists and the supplier cares about our volume. Open with the category erosion benchmark."
"33","12","LOM-0136","Laser Diode Assy 0136","Laser Diode","Critical","1","9","1","VEN-002","Photonica GmbH","Strategic","2.49","BUY-01","Adaeze Okonkwo","Optoelectronics","590.3609","502.8981","471.2727","8.00","5.761","72.01","31.6254","1158","601807.02","36622.18","4690.56","","601807.02","99.15","17.0","PUT_ON_CONTRACT","0","Most of this spend has no agreement in force. Put it under contract before attempting to negotiate a price against nothing."
"34","6","LOM-0019","Lens Assembly Assy 0019","Lens Assembly","Critical","1","6","1","VEN-005","Helix Optics GmbH","Strategic","1.75","BUY-04","Johan Lindberg","Optics & Coatings","194.7322","213.8472","180.4542","3.00","-3.817","-127.23","33.3930","1093","230122.71","36498.53","3172.04","307.71","187680.47","98.63","23.0","PUT_ON_CONTRACT","1","Most of this spend has no agreement in force. Put it under contract before attempting to negotiate a price against nothing."
"35","5","LOM-0137","Photodetector Module 0137","Photodetector","Standard","3","5","0","VEN-002","Photonica GmbH","Strategic","2.49","BUY-02","Rafael Duarte","Optoelectronics","457.4209","496.6837","391.6961","6.50","-3.632","-55.88","104.9876","335","163550.84","35170.85","1943.44","","163550.84","98.81","66.0","PUT_ON_CONTRACT","1","Most of this spend has no agreement in force. Put it under contract before attempting to negotiate a price against nothing."
"36","11","LOM-0108","Optical Coating Module 0108","Optical Coating","Standard","2","3","0","VEN-023","Kestrel Optical Industries","Approved","6.75","BUY-03","Mei-Ling Chow","Optics & Coatings","124.3326","123.1701","108.6979","5.00","0.358","7.16","14.4722","2388","295175.16","34559.66","3591.75","-3335.09","0.00","98.48","56.0","RENEGOTIATE","0","Renegotiate: a credible alternative exists and the supplier cares about our volume. Open with the category erosion benchmark."
"37","7","LOM-0046","Fibre Connector Module 0046","Fibre Connector","Standard","1","2","1","VEN-033","Oribel Technologies","Transactional","17.66","BUY-04","Johan Lindberg","Optics & Coatings","24.6870","24.4065","20.0105","7.00","0.394","5.63","4.3960","7718","190069.43","33928.10","1476.80","","190069.43","99.11","64.0","PUT_ON_CONTRACT","1","Most of this spend has no agreement in force. Put it under contract before attempting to negotiate a price against nothing."
"38","3","LOM-0047","Thermal Control Component 0047","Thermal Control","Commodity","2","0","0","VEN-026","Photonica Technologies","Approved","9.22","BUY-05","Priya Raghunathan","Mechanical & Thermal","221.7389","231.3716","191.4316","5.50","-1.650","-30.00","39.9400","838","196044.88","33469.70","1404.96","","196044.88","99.28","76.0","PUT_ON_CONTRACT","1","Most of this spend has no agreement in force. Put it under contract before attempting to negotiate a price against nothing."
"39","6","LOM-0128","Laser Diode Assy 0128","Laser Diode","Critical","2","9","0","VEN-033","Oribel Technologies","Transactional","17.66","BUY-02","Rafael Duarte","Optoelectronics","859.4604","784.5348","714.3438","8.00","4.030","50.38","70.1910","474","371869.50","33270.53","2353.59","0.00","0.00","99.37","62.0","RENEGOTIATE","1","Renegotiate: a credible alternative exists and the supplier cares about our volume. Open with the category erosion benchmark."
"40","13","LOM-0081","Photodetector Module 0081","Photodetector","Standard","2","3","0","VEN-032","Meridian Photonics Technologies","Transactional","28.30","BUY-01","Adaeze Okonkwo","Optoelectronics","374.9974","361.0871","314.3888","6.50","1.431","22.02","46.6983","703","251919.65","32828.88","2501.68","-312.96","0.00","99.00","75.0","RENEGOTIATE","0","Renegotiate: a credible alternative exists and the supplier cares about our volume. Open with the category erosion benchmark."
"41","4","LOM-0005","Precision Mount Component 0005","Precision Mount","Commodity","3","0","0","VEN-007","Quantex GmbH","Preferred","10.21","BUY-05","Priya Raghunathan","Mechanical & Thermal","228.6361","246.3088","216.3194","2.00","-2.754","-137.70","29.9894","1007","245216.27","30199.29","1694.49","1040.34","0.00","99.19","86.0","RENEGOTIATE","1","Renegotiate: a credible alternative exists and the supplier cares about our volume. Open with the category erosion benchmark."
"42","8","LOM-0067","Lens Assembly Assy 0067","Lens Assembly","Critical","1","6","1","VEN-023","Kestrel Optical Industries","Approved","6.75","BUY-04","Johan Lindberg","Optics & Coatings","349.9393","348.2116","321.9097","3.00","0.181","6.03","26.3019","1146","398238.54","30141.98","3812.36","-1026.50","0.00","98.90","27.0","ACCEPT","0","Accept for now: no credible leverage and not enough value to create any. Revisit if volume or the supplier base changes."
"43","1","LOM-0135","Thermal Control Component 0135","Thermal Control","Commodity","3","1","0","VEN-011","Kestrel Optical GmbH","Preferred","3.73","BUY-06","Tomas Varga","Mechanical & Thermal","275.1270","262.5223","235.3958","5.50","1.687","30.67","27.1265","1056","278430.20","28645.58","2381.34","0.00","0.00","99.04","69.0","RENEGOTIATE","1","Renegotiate: a credible alternative exists and the supplier cares about our volume. Open with the category erosion benchmark."
"44","5","LOM-0111","Thermal Control Module 0111","Thermal Control","Standard","3","5","0","VEN-010","Vectra GmbH","Preferred","5.43","BUY-05","Priya Raghunathan","Mechanical & Thermal","248.1621","245.0563","215.5441","5.50","0.504","9.16","29.5122","942","231906.56","27800.51","2967.70","","231906.56","98.73","74.0","PUT_ON_CONTRACT","1","Most of this spend has no agreement in force. Put it under contract before attempting to negotiate a price against nothing."
"45","12","LOM-0035","Lens Assembly Assy 0035","Lens Assembly","Critical","1","8","1","VEN-017","Helix Optics Industries","Approved","10.21","BUY-03","Mei-Ling Chow","Optics & Coatings","139.9955","152.3499","128.2263","3.00","-2.977","-99.23","24.1236","1149","172940.94","27718.00","3012.42","0.00","159569.91","98.01","40.0","PUT_ON_CONTRACT","0","Most of this spend has no agreement in force. Put it under contract before attempting to negotiate a price against nothing."
"46","14","LOM-0129","Photodetector Module 0129","Photodetector","Standard","2","2","0","VEN-014","Photonica Industries","Preferred","4.81","BUY-01","Adaeze Okonkwo","Optoelectronics","388.5493","354.9012","321.5739","6.50","3.167","48.72","33.3273","807","293757.81","26895.15","2203.80","-2653.36","0.00","99.06","63.0","RENEGOTIATE","0","Renegotiate: a credible alternative exists and the supplier cares about our volume. Open with the category erosion benchmark."
"47","7","LOM-0056","Laser Diode Module 0056","Laser Diode","Standard","3","4","0","VEN-034","Vectra Technologies","Transactional","34.49","BUY-02","Rafael Duarte","Optoelectronics","615.0196","524.3169","491.2848","8.00","5.751","71.89","33.0321","793","402552.10","26194.43","3568.32","-5386.22","0.00","99.12","89.0","RENEGOTIATE","1","Renegotiate: a credible alternative exists and the supplier cares about our volume. Open with the category erosion benchmark."
"48","13","LOM-0059","Lens Assembly Component 0059","Lens Assembly","Commodity","2","0","0","VEN-007","Quantex GmbH","Preferred","10.21","BUY-03","Mei-Ling Chow","Optics & Coatings","245.5689","262.2010","227.6814","3.00","-2.674","-89.13","34.5196","719","182509.34","24819.56","2541.36","0.00","134581.95","98.61","76.0","PUT_ON_CONTRACT","0","Most of this spend has no agreement in force. Put it under contract before attempting to negotiate a price against nothing."
"49","15","LOM-0064","Laser Diode Component 0064","Laser Diode","Commodity","3","1","0","VEN-007","Quantex GmbH","Preferred","10.21","BUY-01","Adaeze Okonkwo","Optoelectronics","778.5967","656.6805","627.5259","8.00","6.370","79.63","29.1546","850","566653.15","24781.41","3359.17","-2773.55","0.00","99.33","86.0","RENEGOTIATE","0","Renegotiate: a credible alternative exists and the supplier cares about our volume. Open with the category erosion benchmark."
"50","9","LOM-0100","Optical Coating Module 0100","Optical Coating","Standard","2","3","0","VEN-019","Quantex Industries","Approved","16.00","BUY-04","Johan Lindberg","Optics & Coatings","144.4130","139.6701","125.3690","5.00","1.204","24.08","14.3011","1682","232154.42","24054.41","4264.03","337.49","0.00","98.16","75.0","RENEGOTIATE","0","Renegotiate: a credible alternative exists and the supplier cares about our volume. Open with the category erosion benchmark."
"51","10","LOM-0034","Optical Fibre Assy 0034","Optical Fibre","Critical","2","9","0","VEN-031","Quantex Technologies","Transactional","14.93","BUY-04","Johan Lindberg","Optics & Coatings","48.7896","46.9242","44.0920","4.00","1.559","38.98","2.8322","8489","398339.53","24042.55","2064.67","0.00","0.00","99.35","52.0","RENEGOTIATE","0","Renegotiate: a credible alternative exists and the supplier cares about our volume. Open with the category erosion benchmark."
"52","6","LOM-0053","Precision Mount Assy 0053","Precision Mount","Critical","3","11","0","VEN-026","Photonica Technologies","Approved","9.22","BUY-05","Priya Raghunathan","Mechanical & Thermal","164.8845","179.6180","155.5112","2.00","-2.999","-149.95","24.1068","966","170591.16","23287.18","1232.86","","170591.16","99.25","70.0","PUT_ON_CONTRACT","1","Most of this spend has no agreement in force. Put it under contract before attempting to negotiate a price against nothing."
"53","11","LOM-0026","Optical Fibre Module 0026","Optical Fibre","Standard","1","2","1","VEN-005","Helix Optics GmbH","Strategic","1.75","BUY-04","Johan Lindberg","Optics & Coatings","46.9167","44.8113","42.5642","4.00","1.907","47.68","2.2471","10320","469098.47","23190.07","3892.08","3378.60","0.00","99.17","33.0","ACCEPT","0","Accept for now: no credible leverage and not enough value to create any. Revisit if volume or the supplier base changes."
"54","14","LOM-0090","Optical Fibre Component 0090","Optical Fibre","Commodity","3","1","0","VEN-031","Quantex Technologies","Transactional","14.93","BUY-03","Mei-Ling Chow","Optics & Coatings","21.6570","21.0326","19.3557","4.00","1.058","26.45","1.6769","12880","270899.89","21598.47","1913.97","0.00","0.00","99.29","86.0","RENEGOTIATE","0","Renegotiate: a credible alternative exists and the supplier cares about our volume. Open with the category erosion benchmark."
"55","7","LOM-0103","Thermal Control Component 0103","Thermal Control","Commodity","3","1","0","VEN-012","Aperture Industries","Preferred","4.72","BUY-05","Priya Raghunathan","Mechanical & Thermal","194.9136","187.8918","165.7597","5.50","1.273","23.15","22.1321","945","179227.78","20914.81","2084.99","","179227.78","98.78","81.0","PUT_ON_CONTRACT","1","Most of this spend has no agreement in force. Put it under contract before attempting to negotiate a price against nothing."
"56","15","LOM-0006","Fibre Connector Component 0006","Fibre Connector","Commodity","2","0","0","VEN-001","Lumitek GmbH","Strategic","1.37","BUY-03","Mei-Ling Chow","Optics & Coatings","15.7440","15.8234","12.9661","7.00","-0.188","-2.69","2.8573","7248","114688.00","20709.71","1107.63","0.00","0.00","99.03","55.0","RENEGOTIATE","0","Renegotiate: a credible alternative exists and the supplier cares about our volume. Open with the category erosion benchmark."
"57","16","LOM-0115","Lens Assembly Module 0115","Lens Assembly","Standard","2","2","0","VEN-032","Meridian Photonics Technologies","Transactional","28.30","BUY-03","Mei-Ling Chow","Optics & Coatings","223.5653","242.6498","205.5266","3.00","-3.010","-100.33","37.1232","555","133552.26","20603.38","1913.67","0.00","126281.44","98.07","86.0","PUT_ON_CONTRACT","0","Most of this spend has no agreement in force. Put it under contract before attempting to negotiate a price against nothing."
"58","12","LOM-0084","Optical Coating Module 0084","Optical Coating","Standard","2","3","0","VEN-016","Spectra Industries","Preferred","7.82","BUY-04","Johan Lindberg","Optics & Coatings","152.1308","141.4869","131.5350","5.00","2.525","50.50","9.9519","2061","295051.96","20510.78","3320.29","-4149.38","0.00","98.88","56.0","RENEGOTIATE","0","Renegotiate: a credible alternative exists and the supplier cares about our volume. Open with the category erosion benchmark."
"59","13","LOM-0028","Optical Coating Module 0028","Optical Coating","Standard","3","5","0","VEN-031","Quantex Technologies","Transactional","14.93","BUY-04","Johan Lindberg","Optics & Coatings","144.1571","149.0299","125.2368","5.00","-1.219","-24.38","23.7931","858","131512.04","20414.48","2344.23","","131512.04","97.82","83.0","PUT_ON_CONTRACT","0","Most of this spend has no agreement in force. Put it under contract before attempting to negotiate a price against nothing."
"60","14","LOM-0107","Lens Assembly Module 0107","Lens Assembly","Standard","2","3","0","VEN-008","Meridian Photonics GmbH","Preferred","5.01","BUY-04","Johan Lindberg","Optics & Coatings","251.4969","249.8996","231.6273","3.00","0.236","7.87","18.2723","1100","273589.31","20099.53","4733.68","-1307.67","0.00","98.27","56.0","RENEGOTIATE","0","Renegotiate: a credible alternative exists and the supplier cares about our volume. Open with the category erosion benchmark."
"61","8","LOM-0025","Photodetector Module 0025","Photodetector","Standard","1","2","1","VEN-011","Kestrel Optical GmbH","Preferred","3.73","BUY-02","Rafael Duarte","Optoelectronics","104.4832","103.8735","86.5371","6.50","0.209","3.22","17.3364","1128","117169.32","19555.46","623.22","0.00","0.00","99.33","33.0","ACCEPT","0","Accept for now: no credible leverage and not enough value to create any. Revisit if volume or the supplier base changes."
"62","17","LOM-0002","Optical Fibre Component 0002","Optical Fibre","Commodity","3","1","0","VEN-013","Lumitek Industries","Preferred","9.15","BUY-03","Mei-Ling Chow","Optics & Coatings","23.2461","22.4269","20.8669","4.00","1.347","33.68","1.5600","12385","279640.29","19320.81","1720.22","","279640.29","99.20","90.0","PUT_ON_CONTRACT","0","Most of this spend has no agreement in force. Put it under contract before attempting to negotiate a price against nothing."
"63","8","LOM-0029","Precision Mount Component 0029","Precision Mount","Commodity","3","1","0","VEN-016","Spectra Industries","Preferred","7.82","BUY-05","Priya Raghunathan","Mechanical & Thermal","158.0091","169.6470","149.6059","2.00","-2.662","-133.10","20.0411","941","161059.34","18858.72","1198.16","","161059.34","99.26","81.0","PUT_ON_CONTRACT","1","Most of this spend has no agreement in force. Put it under contract before attempting to negotiate a price against nothing."
"64","9","LOM-0033","Photodetector Module 0033","Photodetector","Standard","1","2","1","VEN-003","Crystalline GmbH","Strategic","3.69","BUY-02","Rafael Duarte","Optoelectronics","230.5516","201.7996","191.1701","6.50","4.667","71.80","10.6295","1743","362542.50","18527.30","3959.69","","362542.50","98.84","37.0","PUT_ON_CONTRACT","0","Most of this spend has no agreement in force. Put it under contract before attempting to negotiate a price against nothing."
"65","18","LOM-0011","Lens Assembly Module 0011","Lens Assembly","Standard","3","5","0","VEN-036","Aperture Technologies","Transactional","30.07","BUY-03","Mei-Ling Chow","Optics & Coatings","350.5554","348.8349","323.1253","3.00","0.184","6.13","25.7096","707","254892.28","18176.70","2235.35","","254892.28","98.62","93.0","PUT_ON_CONTRACT","0","Most of this spend has no agreement in force. Put it under contract before attempting to negotiate a price against nothing."
"66","9","LOM-0007","Thermal Control Module 0007","Thermal Control","Standard","3","5","0","VEN-033","Oribel Technologies","Transactional","17.66","BUY-05","Priya Raghunathan","Mechanical & Thermal","157.1048","153.1823","134.9582","5.50","0.937","17.04","18.2241","997","152579.23","18169.42","1369.10","","152579.23","99.10","93.0","PUT_ON_CONTRACT","0","Most of this spend has no agreement in force. Put it under contract before attempting to negotiate a price against nothing."
"67","19","LOM-0058","Optical Fibre Module 0058","Optical Fibre","Standard","3","4","0","VEN-023","Kestrel Optical Industries","Approved","6.75","BUY-03","Mei-Ling Chow","Optics & Coatings","55.5447","50.4158","49.2790","4.00","3.250","81.25","1.1368","15515","781906.11","17637.67","3281.78","-9498.43","0.00","99.41","70.0","RENEGOTIATE","0","Renegotiate: a credible alternative exists and the supplier cares about our volume. Open with the category erosion benchmark."
"68","10","LOM-0113","Photodetector Module 0113","Photodetector","Standard","2","3","0","VEN-010","Vectra GmbH","Preferred","5.43","BUY-02","Rafael Duarte","Optoelectronics","354.3643","318.8069","295.9546","6.50","3.868","59.51","22.8523","770","255417.23","17596.29","1982.93","-2273.74","0.00","99.16","56.0","RENEGOTIATE","0","Renegotiate: a credible alternative exists and the supplier cares about our volume. Open with the category erosion benchmark."
"69","15","LOM-0098","Optical Fibre Component 0098","Optical Fibre","Commodity","3","1","0","VEN-021","Oribel Industries","Approved","7.24","BUY-04","Johan Lindberg","Optics & Coatings","41.8861","40.5531","37.6544","4.00","1.232","30.80","2.8987","5942","239544.16","17224.08","1403.09","-2888.01","0.00","99.24","77.0","RENEGOTIATE","0","Renegotiate: a credible alternative exists and the supplier cares about our volume. Open with the category erosion benchmark."
"70","20","LOM-0131","Lens Assembly Assy 0131","Lens Assembly","Critical","1","6","1","VEN-006","Northlight GmbH","Strategic","4.77","BUY-03","Mei-Ling Chow","Optics & Coatings","206.0489","200.9084","189.3427","3.00","0.906","30.20","11.5657","1458","291900.54","16862.78","5395.14","562.55","0.00","98.05","27.0","ACCEPT","0","Accept for now: no credible leverage and not enough value to create any. Revisit if volume or the supplier base changes."
"71","10","LOM-0023","Thermal Control Module 0023","Thermal Control","Standard","3","5","0","VEN-022","Vectra Industries","Approved","12.65","BUY-05","Priya Raghunathan","Mechanical & Thermal","255.6455","237.4212","219.7073","5.50","2.724","49.53","17.7139","939","223646.53","16633.35","1648.18","492.72","0.00","99.10","79.0","RENEGOTIATE","0","Renegotiate: a credible alternative exists and the supplier cares about our volume. Open with the category erosion benchmark."
"72","11","LOM-0121","Photodetector Component 0121","Photodetector","Commodity","2","0","0","VEN-009","Oribel GmbH","Preferred","9.47","BUY-02","Rafael Duarte","Optoelectronics","290.7632","290.1118","246.8851","6.50","0.092","1.42","43.2267","381","110576.50","16469.37","870.66","0.00","0.00","99.19","72.0","RENEGOTIATE","0","Renegotiate: a credible alternative exists and the supplier cares about our volume. Open with the category erosion benchmark."
"73","2","LOM-0063","Thermal Control Component 0063","Thermal Control","Commodity","3","1","0","VEN-005","Helix Optics GmbH","Strategic","1.75","BUY-06","Tomas Varga","Mechanical & Thermal","257.9332","258.8171","226.5672","5.50","-0.149","-2.71","32.2499","505","129357.78","16286.18","1016.55","1019.60","0.00","99.15","69.0","RENEGOTIATE","1","Renegotiate: a credible alternative exists and the supplier cares about our volume. Open with the category erosion benchmark."
"74","21","LOM-0028","Optical Coating Module 0028","Optical Coating","Standard","3","5","0","VEN-001","Lumitek GmbH","Strategic","1.37","BUY-03","Mei-Ling Chow","Optics & Coatings","144.1571","130.7909","124.9865","5.00","3.438","68.76","5.8044","2730","356890.28","15846.12","5494.08","745.39","0.00","98.32","62.0","RENEGOTIATE","0","Renegotiate: a credible alternative exists and the supplier cares about our volume. Open with the category erosion benchmark."
"75","22","LOM-0094","Fibre Connector Module 0094","Fibre Connector","Standard","3","5","0","VEN-014","Photonica Industries","Preferred","4.81","BUY-03","Mei-Ling Chow","Optics & Coatings","24.6179","23.3143","20.0663","7.00","1.913","27.33","3.2480","4757","110300.62","15450.57","881.38","150.86","0.00","99.20","70.0","RENEGOTIATE","0","Renegotiate: a credible alternative exists and the supplier cares about our volume. Open with the category erosion benchmark."
"76","23","LOM-0092","Optical Coating Component 0092","Optical Coating","Commodity","3","0","0","VEN-012","Aperture Industries","Preferred","4.72","BUY-03","Mei-Ling Chow","Optics & Coatings","62.3935","61.2727","54.2406","5.00","0.662","13.24","7.0321","2178","132803.72","15315.89","1997.05","0.00","109709.15","98.48","81.0","PUT_ON_CONTRACT","0","Most of this spend has no agreement in force. Put it under contract before attempting to negotiate a price against nothing."
"77","16","LOM-0078","Fibre Connector Assy 0078","Fibre Connector","Critical","1","7","1","VEN-034","Vectra Technologies","Transactional","34.49","BUY-04","Johan Lindberg","Optics & Coatings","10.0604","9.8642","8.3051","7.00","0.743","10.61","1.5591","9725","96484.25","15162.23","623.50","-669.36","0.00","99.20","46.0","RENEGOTIATE","0","Renegotiate: a credible alternative exists and the supplier cares about our volume. Open with the category erosion benchmark."
"78","11","LOM-0109","Precision Mount Assy 0109","Precision Mount","Critical","1","7","1","VEN-010","Vectra GmbH","Preferred","5.43","BUY-05","Priya Raghunathan","Mechanical & Thermal","211.7856","208.8246","199.6574","2.00","0.481","24.05","9.1672","1624","343371.67","14887.57","2545.06","793.05","0.00","99.16","27.0","ACCEPT","0","Accept for now: no credible leverage and not enough value to create any. Revisit if volume or the supplier base changes."
"79","12","LOM-0073","Photodetector Component 0073","Photodetector","Commodity","2","0","0","VEN-019","Quantex Industries","Approved","16.00","BUY-02","Rafael Duarte","Optoelectronics","146.5396","158.1124","124.9118","6.50","-3.250","-50.00","33.2006","442","71954.62","14674.67","815.87","","71954.62","98.87","86.0","PUT_ON_CONTRACT","0","Most of this spend has no agreement in force. Put it under contract before attempting to negotiate a price against nothing."
"80","3","LOM-0079","Thermal Control Module 0079","Thermal Control","Standard","1","2","1","VEN-028","Spectra Technologies","Approved","8.62","BUY-06","Tomas Varga","Mechanical & Thermal","152.2891","144.5094","130.4814","5.50","1.901","34.56","14.0280","1010","146322.33","14168.28","144.51","-344.20","0.00","99.84","50.0","RENEGOTIATE","1","Renegotiate: a credible alternative exists and the supplier cares about our volume. Open with the category erosion benchmark."
"81","12","LOM-0055","Thermal Control Component 0055","Thermal Control","Commodity","3","1","0","VEN-025","Lumitek Technologies","Approved","14.26","BUY-05","Priya Raghunathan","Mechanical & Thermal","113.5119","108.5623","97.2681","5.50","1.620","29.45","11.2942","1160","125932.28","13101.27","1085.60","0.00","0.00","99.14","86.0","RENEGOTIATE","0","Renegotiate: a credible alternative exists and the supplier cares about our volume. Open with the category erosion benchmark."
"82","24","LOM-0132","Optical Coating Assy 0132","Optical Coating","Critical","3","11","0","VEN-005","Helix Optics GmbH","Strategic","1.75","BUY-03","Mei-Ling Chow","Optics & Coatings","144.1750","132.0563","125.5482","5.00","3.203","64.06","6.5081","1997","272611.60","12996.75","2748.74","","272611.60","98.88","53.0","PUT_ON_CONTRACT","0","Most of this spend has no agreement in force. Put it under contract before attempting to negotiate a price against nothing."
"83","25","LOM-0122","Optical Fibre Component 0122","Optical Fibre","Commodity","2","0","0","VEN-035","Kestrel Optical Technologies","Transactional","36.86","BUY-03","Mei-Ling Chow","Optics & Coatings","12.3870","12.0460","11.0943","4.00","1.029","25.73","0.9517","13437","163132.38","12788.36","1029.30","0.00","122626.99","99.14","86.0","PUT_ON_CONTRACT","0","Most of this spend has no agreement in force. Put it under contract before attempting to negotiate a price against nothing."
"84","17","LOM-0138","Optical Fibre Module 0138","Optical Fibre","Standard","3","4","0","VEN-026","Photonica Technologies","Approved","9.22","BUY-04","Johan Lindberg","Optics & Coatings","37.1436","35.9250","33.3760","4.00","1.265","31.63","2.5490","4839","173841.09","12334.61","898.14","0.00","0.00","99.48","79.0","RENEGOTIATE","0","Renegotiate: a credible alternative exists and the supplier cares about our volume. Open with the category erosion benchmark."
"85","26","LOM-0066","Optical Fibre Assy 0066","Optical Fibre","Critical","3","11","0","VEN-017","Helix Optics Industries","Approved","10.21","BUY-03","Mei-Ling Chow","Optics & Coatings","25.0522","23.0060","22.3135","4.00","2.959","73.98","0.6925","17639","406880.67","12215.01","2170.28","1077.83","0.00","99.32","66.0","RENEGOTIATE","0","Renegotiate: a credible alternative exists and the supplier cares about our volume. Open with the category erosion benchmark."
"86","18","LOM-0010","Optical Fibre Module 0010","Optical Fibre","Standard","3","5","0","VEN-006","Northlight GmbH","Strategic","4.77","BUY-04","Johan Lindberg","Optics & Coatings","39.4560","36.7183","35.5727","4.00","2.794","69.85","1.1456","10527","382655.51","12059.22","2492.91","-4011.90","0.00","99.34","70.0","RENEGOTIATE","0","Renegotiate: a credible alternative exists and the supplier cares about our volume. Open with the category erosion benchmark."
"87","27","LOM-0044","Optical Coating Assy 0044","Optical Coating","Critical","3","11","0","VEN-006","Northlight GmbH","Strategic","4.77","BUY-03","Mei-Ling Chow","Optics & Coatings","108.7921","104.9778","95.1262","5.00","1.354","27.08","9.8516","1220","128326.03","12019.00","1887.50","-459.97","0.00","98.52","57.0","RENEGOTIATE","0","Renegotiate: a credible alternative exists and the supplier cares about our volume. Open with the category erosion benchmark."
"88","19","LOM-0118","Fibre Connector Component 0118","Fibre Connector","Commodity","2","0","0","VEN-029","Helix Optics Technologies","Transactional","36.48","BUY-04","Johan Lindberg","Optics & Coatings","41.2042","38.4880","35.5910","7.00","3.323","47.47","2.8970","4125","161639.83","11950.13","1489.21","0.00","0.00","99.08","82.0","RENEGOTIATE","0","Renegotiate: a credible alternative exists and the supplier cares about our volume. Open with the category erosion benchmark."
"89","20","LOM-0102","Fibre Connector Component 0102","Fibre Connector","Commodity","2","0","0","VEN-010","Vectra GmbH","Preferred","5.43","BUY-04","Johan Lindberg","Optics & Coatings","24.7823","23.3566","20.5284","7.00","2.257","32.24","2.8282","4035","94243.88","11411.79","747.41","0.00","0.00","99.21","63.0","RENEGOTIATE","0","Renegotiate: a credible alternative exists and the supplier cares about our volume. Open with the category erosion benchmark."
"90","28","LOM-0076","Optical Coating Module 0076","Optical Coating","Standard","2","3","0","VEN-032","Meridian Photonics Technologies","Transactional","28.30","BUY-03","Mei-Ling Chow","Optics & Coatings","75.6437","72.6260","67.2846","5.00","1.767","35.34","5.3414","2132","154072.79","11387.83","2457.08","70.07","0.00","98.41","75.0","RENEGOTIATE","0","Renegotiate: a credible alternative exists and the supplier cares about our volume. Open with the category erosion benchmark."
"91","21","LOM-0027","Lens Assembly Component 0027","Lens Assembly","Commodity","3","1","0","VEN-013","Lumitek Industries","Preferred","9.15","BUY-04","Johan Lindberg","Optics & Coatings","264.1759","265.5166","242.0112","3.00","-0.176","-5.87","23.5054","478","126145.13","11235.60","1571.19","","126145.13","98.63","90.0","PUT_ON_CONTRACT","0","Most of this spend has no agreement in force. Put it under contract before attempting to negotiate a price against nothing."
"92","22","LOM-0139","Lens Assembly Assy 0139","Lens Assembly","Critical","2","10","0","VEN-017","Helix Optics Industries","Approved","10.21","BUY-04","Johan Lindberg","Optics & Coatings","213.4624","207.9658","196.4661","3.00","0.953","31.77","11.4997","966","201893.77","11108.71","1877.16","216.85","0.00","98.93","52.0","RENEGOTIATE","0","Renegotiate: a credible alternative exists and the supplier cares about our volume. Open with the category erosion benchmark."
"93","29","LOM-0070","Fibre Connector Component 0070","Fibre Connector","Commodity","3","1","0","VEN-007","Quantex GmbH","Preferred","10.21","BUY-03","Mei-Ling Chow","Optics & Coatings","16.8221","15.3193","13.7747","7.00","3.341","47.73","1.5446","6655","102166.11","10279.31","858.71","0.00","0.00","99.16","86.0","RENEGOTIATE","0","Renegotiate: a credible alternative exists and the supplier cares about our volume. Open with the category erosion benchmark."
"94","13","LOM-0117","Precision Mount Component 0117","Precision Mount","Commodity","2","0","0","VEN-019","Quantex Industries","Approved","16.00","BUY-05","Priya Raghunathan","Mechanical & Thermal","161.5151","168.8391","153.0521","2.00","-1.679","-83.95","15.7870","649","108826.11","10245.73","844.10","","108826.11","99.21","86.0","PUT_ON_CONTRACT","0","Most of this spend has no agreement in force. Put it under contract before attempting to negotiate a price against nothing."
"95","23","LOM-0018","Optical Fibre Component 0018","Optical Fibre","Commodity","3","1","0","VEN-004","Spectra GmbH","Strategic","1.51","BUY-04","Johan Lindberg","Optics & Coatings","36.2883","35.1199","33.6886","4.00","1.782","44.55","1.4313","7045","244452.42","10083.51","1599.35","-3578.29","0.00","99.35","69.0","RENEGOTIATE","0","Renegotiate: a credible alternative exists and the supplier cares about our volume. Open with the category erosion benchmark."
"96","4","LOM-0119","Thermal Control Module 0119","Thermal Control","Standard","2","3","0","VEN-003","Crystalline GmbH","Strategic","3.69","BUY-06","Tomas Varga","Mechanical & Thermal","162.8912","150.5781","140.8023","5.50","3.005","54.64","9.7758","1022","154190.83","9990.84","1194.82","-3048.05","0.00","99.12","48.0","RENEGOTIATE","1","Renegotiate: a credible alternative exists and the supplier cares about our volume. Open with the category erosion benchmark."
"97","30","LOM-0062","Fibre Connector Module 0062","Fibre Connector","Standard","2","3","0","VEN-034","Vectra Technologies","Transactional","34.49","BUY-03","Mei-Ling Chow","Optics & Coatings","10.6486","9.8320","8.6747","7.00","2.784","39.77","1.1573","8400","83090.64","9721.16","735.62","-662.35","0.00","99.02","75.0","RENEGOTIATE","0","Renegotiate: a credible alternative exists and the supplier cares about our volume. Open with the category erosion benchmark."
"98","14","LOM-0069","Precision Mount Module 0069","Precision Mount","Standard","2","4","0","VEN-028","Spectra Technologies","Approved","8.62","BUY-05","Priya Raghunathan","Mechanical & Thermal","68.4702","74.1693","65.1373","2.00","-3.291","-164.55","9.0320","1053","79251.86","9510.72","596.88","","79251.86","99.24","69.0","PUT_ON_CONTRACT","0","Most of this spend has no agreement in force. Put it under contract before attempting to negotiate a price against nothing."
"99","24","LOM-0075","Lens Assembly Module 0075","Lens Assembly","Standard","3","5","0","VEN-030","Northlight Technologies","Transactional","26.40","BUY-04","Johan Lindberg","Optics & Coatings","323.2279","315.6524","298.6812","3.00","0.911","30.37","16.9712","542","171422.70","9198.39","3472.18","260.14","0.00","97.97","89.0","RENEGOTIATE","0","Renegotiate: a credible alternative exists and the supplier cares about our volume. Open with the category erosion benchmark."
"100","5","LOM-0127","Thermal Control Assy 0127","Thermal Control","Critical","2","9","0","VEN-011","Kestrel Optical GmbH","Preferred","3.73","BUY-06","Tomas Varga","Mechanical & Thermal","151.3162","144.0438","130.1917","5.50","1.836","33.38","13.8521","663","96494.47","9183.94","1022.65","0.00","0.00","98.65","35.0","ACCEPT","0","Accept for now: no credible leverage and not enough value to create any. Revisit if volume or the supplier base changes."
"101","25","LOM-0090","Optical Fibre Component 0090","Optical Fibre","Commodity","3","1","0","VEN-026","Photonica Technologies","Approved","9.22","BUY-04","Johan Lindberg","Optics & Coatings","21.7962","20.7708","19.6799","4.00","1.907","47.68","1.0909","8291","176766.84","9044.52","1209.81","0.00","141452.87","99.31","90.0","PUT_ON_CONTRACT","0","Most of this spend has no agreement in force. Put it under contract before attempting to negotiate a price against nothing."
"102","26","LOM-0052","Optical Coating Module 0052","Optical Coating","Standard","2","4","0","VEN-016","Spectra Industries","Preferred","7.82","BUY-04","Johan Lindberg","Optics & Coatings","104.3568","108.7697","93.6233","5.00","-1.976","-39.52","15.1464","581","62967.74","8800.03","1190.57","222.01","0.00","98.11","56.0","RENEGOTIATE","0","Renegotiate: a credible alternative exists and the supplier cares about our volume. Open with the category erosion benchmark."
"103","16","LOM-0049","Photodetector Module 0049","Photodetector","Standard","3","4","0","VEN-009","Oribel GmbH","Preferred","9.47","BUY-01","Adaeze Okonkwo","Optoelectronics","108.3204","103.0488","91.3335","6.50","1.947","29.95","11.7153","739","77444.23","8657.61","526.42","633.54","0.00","99.18","79.0","RENEGOTIATE","0","Renegotiate: a credible alternative exists and the supplier cares about our volume. Open with the category erosion benchmark."
"104","17","LOM-0073","Photodetector Component 0073","Photodetector","Commodity","2","0","0","VEN-007","Quantex GmbH","Preferred","10.21","BUY-01","Adaeze Okonkwo","Optoelectronics","143.1837","137.9843","119.4944","6.50","1.365","21.00","18.4899","451","62230.92","8338.94","689.90","0.00","0.00","98.89","72.0","RENEGOTIATE","0","Renegotiate: a credible alternative exists and the supplier cares about our volume. Open with the category erosion benchmark."
"105","31","LOM-0124","Optical Coating Module 0124","Optical Coating","Standard","3","5","0","VEN-031","Quantex Technologies","Transactional","14.93","BUY-03","Mei-Ling Chow","Optics & Coatings","147.5500","132.0516","127.1758","5.00","3.759","75.18","4.8758","1705","227013.86","8313.24","3593.90","1865.88","0.00","98.30","79.0","RENEGOTIATE","0","Renegotiate: a credible alternative exists and the supplier cares about our volume. Open with the category erosion benchmark."
"106","32","LOM-0054","Fibre Connector Component 0054","Fibre Connector","Commodity","3","1","0","VEN-001","Lumitek GmbH","Strategic","1.37","BUY-03","Mei-Ling Chow","Optics & Coatings","28.7181","24.2990","23.2780","7.00","5.610","80.14","1.0210","8069","195709.11","8238.81","1653.24","-3385.07","0.00","99.09","69.0","RENEGOTIATE","0","Renegotiate: a credible alternative exists and the supplier cares about our volume. Open with the category erosion benchmark."
"107","6","LOM-0047","Thermal Control Component 0047","Thermal Control","Commodity","2","0","0","VEN-006","Northlight GmbH","Strategic","4.77","BUY-06","Tomas Varga","Mechanical & Thermal","221.7389","221.7300","195.7131","5.50","0.002","0.04","26.0169","313","69401.49","8143.29","665.19","0.00","0.00","99.04","63.0","RENEGOTIATE","1","Renegotiate: a credible alternative exists and the supplier cares about our volume. Open with the category erosion benchmark."
"108","18","LOM-0032","Laser Diode Component 0032","Laser Diode","Commodity","3","1","0","VEN-024","Aperture Technologies","Approved","18.36","BUY-01","Adaeze Okonkwo","Optoelectronics","190.4380","159.3155","150.5719","8.00","6.137","76.71","8.7436","875","139401.07","7650.65","1274.55","0.00","0.00","99.02","96.0","ACCEPT","0","Accept for now: no credible leverage and not enough value to create any. Revisit if volume or the supplier base changes."
"109","15","LOM-0031","Thermal Control Component 0031","Thermal Control","Commodity","3","1","0","VEN-034","Vectra Technologies","Transactional","34.49","BUY-05","Priya Raghunathan","Mechanical & Thermal","138.9876","135.2999","121.2943","5.50","1.111","20.20","14.0056","539","74250.33","7549.00","555.77","-634.72","0.00","99.26","96.0","ACCEPT","0","Accept for now: no credible leverage and not enough value to create any. Revisit if volume or the supplier base changes."
"110","33","LOM-0036","Optical Coating Module 0036","Optical Coating","Standard","2","4","0","VEN-020","Meridian Photonics Industries","Approved","12.07","BUY-03","Mei-Ling Chow","Optics & Coatings","45.9910","43.1478","39.6587","5.00","2.185","43.70","3.4891","2141","92966.51","7470.13","1217.39","-1440.02","0.00","98.63","65.0","ACCEPT","0","Accept for now: no credible leverage and not enough value to create any. Revisit if volume or the supplier base changes."
"111","7","LOM-0061","Precision Mount Module 0061","Precision Mount","Standard","1","2","1","VEN-035","Kestrel Optical Technologies","Transactional","36.86","BUY-06","Tomas Varga","Mechanical & Thermal","202.4403","197.4195","191.6122","2.00","0.919","45.95","5.8073","1283","257265.86","7450.82","2184.49","-323.86","0.00","99.08","60.0","ACCEPT","0","Accept for now: no credible leverage and not enough value to create any. Revisit if volume or the supplier base changes."
"112","13","LOM-0112","Laser Diode Component 0112","Laser Diode","Commodity","2","0","0","VEN-029","Helix Optics Technologies","Transactional","36.48","BUY-02","Rafael Duarte","Optoelectronics","1034.5934","919.2143","850.1391","8.00","4.898","61.23","69.0752","105","99338.54","7252.90","954.04","0.00","0.00","99.05","82.0","ACCEPT","0","Accept for now: no credible leverage and not enough value to create any. Revisit if volume or the supplier base changes."
"113","16","LOM-0013","Precision Mount Component 0013","Precision Mount","Commodity","1","0","1","VEN-008","Meridian Photonics GmbH","Preferred","5.01","BUY-05","Priya Raghunathan","Mechanical & Thermal","204.3530","200.9955","192.8139","2.00","0.574","28.70","8.1816","850","172120.59","6954.38","1219.13","-586.83","0.00","99.29","41.0","ACCEPT","0","Accept for now: no credible leverage and not enough value to create any. Revisit if volume or the supplier base changes."
"114","34","LOM-0038","Fibre Connector Component 0038","Fibre Connector","Commodity","3","1","0","VEN-035","Kestrel Optical Technologies","Transactional","36.86","BUY-03","Mei-Ling Chow","Optics & Coatings","8.7274","8.2452","7.2220","7.00","2.155","30.79","1.0232","6420","52715.92","6568.94","435.20","-418.40","0.00","99.17","96.0","ACCEPT","0","Accept for now: no credible leverage and not enough value to create any. Revisit if volume or the supplier base changes."
"115","19","LOM-0072","Laser Diode Component 0072","Laser Diode","Commodity","3","1","0","VEN-012","Aperture Industries","Preferred","4.72","BUY-01","Adaeze Okonkwo","Optoelectronics","206.2888","177.7399","163.4040","8.00","5.189","64.86","14.3359","457","84204.51","6551.49","916.02","","84204.51","98.91","81.0","PUT_ON_CONTRACT","0","Most of this spend has no agreement in force. Put it under contract before attempting to negotiate a price against nothing."
"116","27","LOM-0006","Fibre Connector Component 0006","Fibre Connector","Commodity","2","0","0","VEN-028","Spectra Technologies","Approved","8.62","BUY-04","Johan Lindberg","Optics & Coatings","16.2315","15.7446","13.6439","7.00","1.265","18.07","2.1007","3070","48335.93","6449.15","299.14","0.00","0.00","98.77","72.0","ACCEPT","0","Accept for now: no credible leverage and not enough value to create any. Revisit if volume or the supplier base changes."
"117","20","LOM-0065","Photodetector Assy 0065","Photodetector","Critical","3","11","0","VEN-003","Crystalline GmbH","Strategic","3.69","BUY-01","Adaeze Okonkwo","Optoelectronics","201.9087","179.2497","171.6584","6.50","4.810","74.00","7.5913","823","146910.86","6247.64","1235.20","-1820.33","0.00","99.15","49.0","ACCEPT","0","Accept for now: no credible leverage and not enough value to create any. Revisit if volume or the supplier base changes."
"118","17","LOM-0039","Thermal Control Component 0039","Thermal Control","Commodity","3","1","0","VEN-013","Lumitek Industries","Preferred","9.15","BUY-05","Priya Raghunathan","Mechanical & Thermal","216.2135","193.2639","185.6190","5.50","4.076","74.11","7.6449","811","159952.86","6200.00","1383.12","1759.94","0.00","99.09","86.0","ACCEPT","0","Accept for now: no credible leverage and not enough value to create any. Revisit if volume or the supplier base changes."
"119","8","LOM-0031","Thermal Control Component 0031","Thermal Control","Commodity","3","1","0","VEN-003","Crystalline GmbH","Strategic","3.69","BUY-06","Tomas Varga","Mechanical & Thermal","138.9876","133.2430","120.7193","5.50","1.680","30.55","12.5237","480","63724.76","6011.38","0.00","-546.90","0.00","100.00","69.0","ACCEPT","0","Accept for now: no credible leverage and not enough value to create any. Revisit if volume or the supplier base changes."
"120","28","LOM-0068","Optical Coating Module 0068","Optical Coating","Standard","2","2","0","VEN-022","Vectra Industries","Approved","12.65","BUY-04","Johan Lindberg","Optics & Coatings","44.4347","40.9004","38.7217","5.00","3.042","60.84","2.1787","2523","106381.94","5496.86","1587.87","721.15","0.00","98.44","72.0","ACCEPT","0","Accept for now: no credible leverage and not enough value to create any. Revisit if volume or the supplier base changes."
"121","29","LOM-0027","Lens Assembly Component 0027","Lens Assembly","Commodity","3","1","0","VEN-018","Northlight Industries","Approved","17.17","BUY-04","Johan Lindberg","Optics & Coatings","264.1759","257.5196","241.9891","3.00","0.882","29.40","15.5305","349","90085.12","5420.14","1287.60","174.36","0.00","98.57","96.0","ACCEPT","0","Accept for now: no credible leverage and not enough value to create any. Revisit if volume or the supplier base changes."
"122","9","LOM-0087","Thermal Control Component 0087","Thermal Control","Commodity","2","0","0","VEN-028","Spectra Technologies","Approved","8.62","BUY-06","Tomas Varga","Mechanical & Thermal","107.7940","102.6154","93.3771","5.50","1.921","34.93","9.2383","555","57151.45","5127.24","310.90","0.00","34692.20","99.46","76.0","PUT_ON_CONTRACT","0","Most of this spend has no agreement in force. Put it under contract before attempting to negotiate a price against nothing."
"123","35","LOM-0099","Lens Assembly Module 0099","Lens Assembly","Standard","3","4","0","VEN-006","Northlight GmbH","Strategic","4.77","BUY-03","Mei-Ling Chow","Optics & Coatings","107.2827","104.5202","98.5183","3.00","0.928","30.93","6.0019","807","84169.51","4843.53","1143.65","-178.29","0.00","98.64","70.0","ACCEPT","0","Accept for now: no credible leverage and not enough value to create any. Revisit if volume or the supplier base changes."
"124","18","LOM-0085","Precision Mount Component 0085","Precision Mount","Commodity","3","1","0","VEN-008","Meridian Photonics GmbH","Preferred","5.01","BUY-05","Priya Raghunathan","Mechanical & Thermal","107.2010","106.6380","101.5963","2.00","0.198","9.90","5.0417","913","97631.00","4603.07","533.20","270.51","0.00","99.39","77.0","ACCEPT","0","Accept for now: no credible leverage and not enough value to create any. Revisit if volume or the supplier base changes."
"125","36","LOM-0052","Optical Coating Module 0052","Optical Coating","Standard","2","4","0","VEN-024","Aperture Technologies","Approved","18.36","BUY-03","Mei-Ling Chow","Optics & Coatings","108.2711","97.0338","94.3894","5.00","4.014","80.28","2.6444","1736","168450.68","4590.68","2037.70","0.00","0.00","98.58","75.0","ACCEPT","0","Accept for now: no credible leverage and not enough value to create any. Revisit if volume or the supplier base changes."
"126","14","LOM-0081","Photodetector Module 0081","Photodetector","Standard","2","3","0","VEN-026","Photonica Technologies","Approved","9.22","BUY-02","Rafael Duarte","Optoelectronics","374.9974","348.9625","327.5018","6.50","3.508","53.97","21.4607","211","73631.09","4528.21","1064.33","-2254.02","0.00","98.58","65.0","ACCEPT","0","Accept for now: no credible leverage and not enough value to create any. Revisit if volume or the supplier base changes."
"127","10","LOM-0101","Precision Mount Assy 0101","Precision Mount","Critical","1","7","1","VEN-028","Spectra Technologies","Approved","8.62","BUY-06","Tomas Varga","Mechanical & Thermal","199.1737","192.0426","188.9054","2.00","1.382","69.10","3.1372","1341","256192.96","4207.03","1924.90","1070.82","0.00","99.12","36.0","ACCEPT","0","Accept for now: no credible leverage and not enough value to create any. Revisit if volume or the supplier base changes."
"128","30","LOM-0004","Optical Coating Module 0004","Optical Coating","Standard","2","2","0","VEN-001","Lumitek GmbH","Strategic","1.37","BUY-04","Johan Lindberg","Optics & Coatings","76.0924","71.5654","66.7494","5.00","2.373","47.46","4.8160","842","61424.90","4055.07","880.45","","61424.90","98.57","59.0","PUT_ON_CONTRACT","0","Most of this spend has no agreement in force. Put it under contract before attempting to negotiate a price against nothing."
"129","37","LOM-0140","Optical Coating Module 0140","Optical Coating","Standard","2","4","0","VEN-008","Meridian Photonics GmbH","Preferred","5.01","BUY-03","Mei-Ling Chow","Optics & Coatings","76.3311","67.7225","66.0989","5.00","4.175","83.50","1.6236","2261","155225.25","3670.87","2113.45","-1004.69","0.00","98.51","56.0","ACCEPT","0","Accept for now: no credible leverage and not enough value to create any. Revisit if volume or the supplier base changes."
"130","31","LOM-0054","Fibre Connector Component 0054","Fibre Connector","Commodity","3","1","0","VEN-026","Photonica Technologies","Approved","9.22","BUY-04","Johan Lindberg","Optics & Coatings","28.7181","28.0687","24.0350","7.00","0.928","13.26","4.0337","883","24148.48","3561.76","217.86","","24148.48","99.09","90.0","PUT_ON_CONTRACT","0","Most of this spend has no agreement in force. Put it under contract before attempting to negotiate a price against nothing."
"131","19","LOM-0037","Precision Mount Module 0037","Precision Mount","Standard","2","4","0","VEN-031","Quantex Technologies","Transactional","14.93","BUY-05","Priya Raghunathan","Mechanical & Thermal","119.7901","118.5639","113.6465","2.00","0.394","19.70","4.9174","671","79860.52","3299.58","358.28","0.00","0.00","99.27","65.0","ACCEPT","0","Accept for now: no credible leverage and not enough value to create any. Revisit if volume or the supplier base changes."
"132","20","LOM-0093","Precision Mount Module 0093","Precision Mount","Standard","2","4","0","VEN-010","Vectra GmbH","Preferred","5.43","BUY-05","Priya Raghunathan","Mechanical & Thermal","96.9607","94.2922","91.5615","2.00","0.979","48.95","2.7307","1175","111076.02","3208.53","755.00","-620.67","0.00","99.18","56.0","ACCEPT","0","Accept for now: no credible leverage and not enough value to create any. Revisit if volume or the supplier base changes."
"133","38","LOM-0102","Fibre Connector Component 0102","Fibre Connector","Commodity","2","0","0","VEN-009","Oribel GmbH","Preferred","9.47","BUY-03","Mei-Ling Chow","Optics & Coatings","24.4647","20.4809","19.9805","7.00","6.172","88.17","0.5004","6387","137637.38","3195.90","1292.07","-818.56","0.00","99.02","72.0","ACCEPT","0","Accept for now: no credible leverage and not enough value to create any. Revisit if volume or the supplier base changes."
"134","39","LOM-0126","Fibre Connector Module 0126","Fibre Connector","Standard","3","4","0","VEN-007","Quantex GmbH","Preferred","10.21","BUY-03","Mei-Ling Chow","Optics & Coatings","15.0402","13.1292","12.4017","7.00","4.983","71.19","0.7275","4344","56583.00","3160.14","454.41","636.18","0.00","99.19","79.0","ACCEPT","0","Accept for now: no credible leverage and not enough value to create any. Revisit if volume or the supplier base changes."
"135","15","LOM-0089","Photodetector Assy 0089","Photodetector","Critical","1","8","1","VEN-014","Photonica Industries","Preferred","4.81","BUY-02","Rafael Duarte","Optoelectronics","247.3183","206.6903","203.7540","6.50","6.035","92.85","2.9363","984","215560.72","2889.36","1568.90","","215560.72","99.17","31.0","PUT_ON_CONTRACT","0","Most of this spend has no agreement in force. Put it under contract before attempting to negotiate a price against nothing."
"136","32","LOM-0070","Fibre Connector Component 0070","Fibre Connector","Commodity","3","1","0","VEN-005","Helix Optics GmbH","Strategic","1.75","BUY-04","Johan Lindberg","Optics & Coatings","16.3670","15.2897","13.8731","7.00","2.945","42.07","1.4166","1727","25960.35","2446.42","330.41","","25960.35","98.73","73.0","PUT_ON_CONTRACT","0","Most of this spend has no agreement in force. Put it under contract before attempting to negotiate a price against nothing."
"137","40","LOM-0138","Optical Fibre Module 0138","Optical Fibre","Standard","3","4","0","VEN-020","Meridian Photonics Industries","Approved","12.07","BUY-03","Mei-Ling Chow","Optics & Coatings","37.6164","33.6718","33.5301","4.00","3.856","96.40","0.1417","17019","578524.14","2410.89","3146.89","-3617.55","0.00","99.31","79.0","ACCEPT","0","Accept for now: no credible leverage and not enough value to create any. Revisit if volume or the supplier base changes."
"138","41","LOM-0114","Optical Fibre Assy 0114","Optical Fibre","Critical","3","11","0","VEN-027","Crystalline Technologies","Approved","14.24","BUY-03","Mei-Ling Chow","Optics & Coatings","15.3515","14.1587","13.7466","4.00","2.946","73.65","0.4121","5569","78235.03","2294.98","478.10","-614.78","0.00","99.39","66.0","ACCEPT","0","Accept for now: no credible leverage and not enough value to create any. Revisit if volume or the supplier base changes."
"139","42","LOM-0110","Fibre Connector Component 0110","Fibre Connector","Commodity","3","1","0","VEN-014","Photonica Industries","Preferred","4.81","BUY-03","Mei-Ling Chow","Optics & Coatings","24.6963","21.2288","20.3387","7.00","5.499","78.56","0.8901","2339","49654.16","2081.94","318.44","0.00","0.00","99.27","77.0","ACCEPT","0","Accept for now: no credible leverage and not enough value to create any. Revisit if volume or the supplier base changes."
"140","33","LOM-0059","Lens Assembly Component 0059","Lens Assembly","Commodity","2","0","0","VEN-034","Vectra Technologies","Transactional","34.49","BUY-04","Johan Lindberg","Optics & Coatings","245.5689","238.9595","229.2821","3.00","1.204","40.13","9.6774","211","50810.48","2041.93","962.39","0.00","0.00","98.10","82.0","ACCEPT","0","Accept for now: no credible leverage and not enough value to create any. Revisit if volume or the supplier base changes."
"141","43","LOM-0022","Fibre Connector Component 0022","Fibre Connector","Commodity","2","0","0","VEN-012","Aperture Industries","Preferred","4.72","BUY-03","Mei-Ling Chow","Optics & Coatings","9.9980","8.5964","8.3029","7.00","5.730","81.86","0.2935","6822","59773.36","2002.26","546.17","172.50","0.00","99.09","63.0","ACCEPT","0","Accept for now: no credible leverage and not enough value to create any. Revisit if volume or the supplier base changes."
"142","34","LOM-0107","Lens Assembly Module 0107","Lens Assembly","Standard","2","3","0","VEN-018","Northlight Industries","Approved","17.17","BUY-04","Johan Lindberg","Optics & Coatings","250.0097","234.5550","230.5665","3.00","2.372","79.07","3.9885","486","114631.59","1938.41","1414.93","0.00","0.00","98.50","75.0","ACCEPT","0","Accept for now: no credible leverage and not enough value to create any. Revisit if volume or the supplier base changes."
"143","35","LOM-0011","Lens Assembly Module 0011","Lens Assembly","Standard","3","5","0","VEN-031","Quantex Technologies","Transactional","14.93","BUY-04","Johan Lindberg","Optics & Coatings","350.7170","329.8329","324.8932","3.00","2.416","80.53","4.9397","390","129497.30","1926.48","2329.36","0.00","0.00","98.21","79.0","ACCEPT","0","Accept for now: no credible leverage and not enough value to create any. Revisit if volume or the supplier base changes."
"144","11","LOM-0071","Thermal Control Component 0071","Thermal Control","Commodity","3","1","0","VEN-013","Lumitek Industries","Preferred","9.15","BUY-06","Tomas Varga","Mechanical & Thermal","79.9559","79.9380","71.2977","5.50","0.011","0.20","8.6403","221","17666.30","1909.51","79.93","0.00","0.00","99.55","86.0","ACCEPT","0","Accept for now: no credible leverage and not enough value to create any. Revisit if volume or the supplier base changes."
"145","44","LOM-0116","Optical Coating Assy 0116","Optical Coating","Critical","2","9","0","VEN-031","Quantex Technologies","Transactional","14.93","BUY-03","Mei-Ling Chow","Optics & Coatings","49.9856","44.6581","43.4541","5.00","4.045","80.90","1.2040","1566","70028.68","1885.46","939.91","-245.56","0.00","98.45","52.0","ACCEPT","0","Accept for now: no credible leverage and not enough value to create any. Revisit if volume or the supplier base changes."
"146","21","LOM-0015","Thermal Control Module 0015","Thermal Control","Standard","3","5","0","VEN-031","Quantex Technologies","Transactional","14.93","BUY-05","Priya Raghunathan","Mechanical & Thermal","86.9779","76.9912","74.7169","5.50","4.439","80.71","2.2743","744","58668.90","1692.08","471.62","0.00","0.00","99.17","79.0","ACCEPT","0","Accept for now: no credible leverage and not enough value to create any. Revisit if volume or the supplier base changes."
"147","36","LOM-0022","Fibre Connector Component 0022","Fibre Connector","Commodity","2","0","0","VEN-015","Crystalline Industries","Preferred","3.57","BUY-04","Johan Lindberg","Optics & Coatings","10.2266","9.9462","8.7049","7.00","1.244","17.77","1.2413","1352","13447.26","1678.24","159.14","0.00","0.00","98.82","55.0","ACCEPT","0","Accept for now: no credible leverage and not enough value to create any. Revisit if volume or the supplier base changes."
"148","22","LOM-0071","Thermal Control Component 0071","Thermal Control","Commodity","3","1","0","VEN-005","Helix Optics GmbH","Strategic","1.75","BUY-05","Priya Raghunathan","Mechanical & Thermal","79.9946","70.0650","67.7683","5.50","4.419","80.35","2.2967","684","48881.47","1570.92","288.06","-78.98","0.00","99.14","69.0","ACCEPT","0","Accept for now: no credible leverage and not enough value to create any. Revisit if volume or the supplier base changes."
"149","12","LOM-0133","Precision Mount Module 0133","Precision Mount","Standard","2","3","0","VEN-018","Northlight Industries","Approved","17.17","BUY-06","Tomas Varga","Mechanical & Thermal","99.1733","97.4973","94.2678","2.00","0.677","33.85","3.2295","458","45100.80","1479.11","592.20","212.03","0.00","98.69","75.0","ACCEPT","0","Accept for now: no credible leverage and not enough value to create any. Revisit if volume or the supplier base changes."
"150","37","LOM-0099","Lens Assembly Module 0099","Lens Assembly","Standard","3","4","0","VEN-010","Vectra GmbH","Preferred","5.43","BUY-04","Johan Lindberg","Optics & Coatings","107.2827","104.4651","98.8731","3.00","0.988","32.93","5.5920","259","27210.61","1448.33","210.34","0.00","0.00","99.23","70.0","ACCEPT","0","Accept for now: no credible leverage and not enough value to create any. Revisit if volume or the supplier base changes."
"151","38","LOM-0116","Optical Coating Assy 0116","Optical Coating","Critical","2","9","0","VEN-028","Spectra Technologies","Approved","8.62","BUY-04","Johan Lindberg","Optics & Coatings","49.6859","46.3132","43.4691","5.00","2.661","53.22","2.8441","503","22905.09","1430.58","224.41","","22905.09","98.61","56.0","PUT_ON_CONTRACT","0","Most of this spend has no agreement in force. Put it under contract before attempting to negotiate a price against nothing."
"152","45","LOM-0020","Optical Coating Component 0020","Optical Coating","Commodity","3","1","0","VEN-002","Photonica GmbH","Strategic","2.49","BUY-03","Mei-Ling Chow","Optics & Coatings","62.4716","56.3850","54.7308","5.00","3.897","77.94","1.6542","832","47667.01","1376.29","742.45","754.68","0.00","98.44","69.0","ACCEPT","0","Accept for now: no credible leverage and not enough value to create any. Revisit if volume or the supplier base changes."
"153","46","LOM-0060","Optical Coating Module 0060","Optical Coating","Standard","2","3","0","VEN-010","Vectra GmbH","Preferred","5.43","BUY-03","Mei-Ling Chow","Optics & Coatings","31.7883","28.5704","28.0257","5.00","4.253","85.06","0.5447","2386","68573.38","1299.65","833.04","-85.07","0.00","98.78","56.0","ACCEPT","0","Accept for now: no credible leverage and not enough value to create any. Revisit if volume or the supplier base changes."
"154","23","LOM-0021","Precision Mount Module 0021","Precision Mount","Standard","3","4","0","VEN-020","Meridian Photonics Industries","Approved","12.07","BUY-05","Priya Raghunathan","Mechanical & Thermal","86.6152","83.9396","82.7110","2.00","1.365","68.25","1.2286","995","84691.73","1222.46","854.58","-345.10","0.00","98.99","79.0","ACCEPT","0","Accept for now: no credible leverage and not enough value to create any. Revisit if volume or the supplier base changes."
"155","39","LOM-0020","Optical Coating Component 0020","Optical Coating","Commodity","3","1","0","VEN-009","Oribel GmbH","Preferred","9.47","BUY-04","Johan Lindberg","Optics & Coatings","62.4716","59.1252","56.7899","5.00","2.918","58.36","2.3353","473","27966.22","1104.60","591.26","0.00","0.00","97.89","86.0","ACCEPT","0","Accept for now: no credible leverage and not enough value to create any. Revisit if volume or the supplier base changes."
"156","40","LOM-0091","Lens Assembly Component 0091","Lens Assembly","Commodity","3","1","0","VEN-034","Vectra Technologies","Transactional","34.49","BUY-04","Johan Lindberg","Optics & Coatings","314.1527","295.0680","290.4898","3.00","2.408","80.27","4.5782","241","71111.39","1103.35","885.21","0.00","0.00","98.76","96.0","ACCEPT","0","Accept for now: no credible leverage and not enough value to create any. Revisit if volume or the supplier base changes."
"157","41","LOM-0124","Optical Coating Module 0124","Optical Coating","Standard","3","5","0","VEN-006","Northlight GmbH","Strategic","4.77","BUY-04","Johan Lindberg","Optics & Coatings","147.5500","132.7229","131.1506","5.00","4.506","90.12","1.5723","633","84013.59","995.27","929.06","0.00","0.00","98.89","70.0","ACCEPT","0","Accept for now: no credible leverage and not enough value to create any. Revisit if volume or the supplier base changes."
"158","47","LOM-0075","Lens Assembly Module 0075","Lens Assembly","Standard","3","5","0","VEN-036","Aperture Technologies","Transactional","30.07","BUY-03","Mei-Ling Chow","Optics & Coatings","326.9255","302.7148","301.3719","3.00","2.838","94.60","1.3429","726","223968.49","974.95","4007.94","3250.54","0.00","98.17","89.0","ACCEPT","0","Accept for now: no credible leverage and not enough value to create any. Revisit if volume or the supplier base changes."
"159","42","LOM-0060","Optical Coating Module 0060","Optical Coating","Standard","2","3","0","VEN-033","Oribel Technologies","Transactional","17.66","BUY-04","Johan Lindberg","Optics & Coatings","31.7883","35.1881","27.6006","5.00","-3.758","-75.16","7.5875","109","3835.50","827.03","0.00","","3835.50","","79.0","PUT_ON_CONTRACT","0","Most of this spend has no agreement in force. Put it under contract before attempting to negotiate a price against nothing."
"160","48","LOM-0014","Fibre Connector Component 0014","Fibre Connector","Commodity","2","0","0","VEN-020","Meridian Photonics Industries","Approved","12.07","BUY-03","Mei-Ling Chow","Optics & Coatings","12.8643","10.4829","10.4251","7.00","6.823","97.47","0.0578","9823","103402.37","567.77","706.13","-66.71","0.00","99.15","72.0","ACCEPT","0","Accept for now: no credible leverage and not enough value to create any. Revisit if volume or the supplier base changes."
"161","13","LOM-0093","Precision Mount Module 0093","Precision Mount","Standard","2","4","0","VEN-034","Vectra Technologies","Transactional","34.49","BUY-06","Tomas Varga","Mechanical & Thermal","95.9011","93.4807","90.8302","2.00","0.946","47.30","2.6505","212","19817.91","561.91","186.96","0.00","0.00","99.06","75.0","ACCEPT","0","Accept for now: no credible leverage and not enough value to create any. Revisit if volume or the supplier base changes."
"162","21","LOM-0088","Laser Diode Component 0088","Laser Diode","Commodity","3","1","0","VEN-005","Helix Optics GmbH","Strategic","1.75","BUY-01","Adaeze Okonkwo","Optoelectronics","297.1990","237.9596","237.6239","8.00","7.951","99.39","0.3357","1232","292146.16","413.64","2140.02","1839.06","0.00","99.27","69.0","ACCEPT","0","Accept for now: no credible leverage and not enough value to create any. Revisit if volume or the supplier base changes."
"163","24","LOM-0077","Precision Mount Assy 0077","Precision Mount","Critical","2","9","0","VEN-001","Lumitek GmbH","Strategic","1.37","BUY-05","Priya Raghunathan","Mechanical & Thermal","249.9879","236.3116","235.9721","2.00","1.951","97.55","0.3395","675","159510.34","229.16","945.24","0.00","0.00","99.28","35.0","ACCEPT","0","Accept for now: no credible leverage and not enough value to create any. Revisit if volume or the supplier base changes."
"164","14","LOM-0007","Thermal Control Module 0007","Thermal Control","Standard","3","5","0","VEN-022","Vectra Industries","Approved","12.65","BUY-06","Tomas Varga","Mechanical & Thermal","155.3694","134.7713","134.2550","5.50","5.360","97.45","0.5163","399","55159.26","206.00","424.26","-815.33","0.00","98.99","79.0","ACCEPT","0","Accept for now: no credible leverage and not enough value to create any. Revisit if volume or the supplier base changes."
"165","15","LOM-0015","Thermal Control Module 0015","Thermal Control","Standard","3","5","0","VEN-012","Aperture Industries","Preferred","4.72","BUY-06","Tomas Varga","Mechanical & Thermal","88.5655","77.4258","77.1992","5.50","5.385","97.91","0.2266","475","37684.18","107.64","163.10","397.54","0.00","99.42","70.0","ACCEPT","0","Accept for now: no credible leverage and not enough value to create any. Revisit if volume or the supplier base changes."
"166","43","LOM-0091","Lens Assembly Component 0091","Lens Assembly","Commodity","3","1","0","VEN-009","Oribel GmbH","Preferred","9.47","BUY-04","Johan Lindberg","Optics & Coatings","314.1527","290.7165","290.5429","3.00","2.977","99.23","0.1736","499","147169.33","86.64","2044.10","-1148.15","0.00","98.60","86.0","ACCEPT","0","Accept for now: no credible leverage and not enough value to create any. Revisit if volume or the supplier base changes."
"167","22","LOM-0112","Laser Diode Component 0112","Laser Diode","Commodity","2","0","0","VEN-004","Spectra GmbH","Strategic","1.51","BUY-01","Adaeze Okonkwo","Optoelectronics","990.2902","699.4987","794.6914","8.00","12.341","154.26","-95.1927","970","748493.18","0.00","55312.42","-386.04","0.00","91.85","55.0","FIX_QUALITY","0","Quality first: the loss here is rejected material, not price. Open a corrective action with the supplier before discussing cost."
"168","49","LOM-0018","Optical Fibre Component 0018","Optical Fibre","Commodity","3","1","0","VEN-031","Quantex Technologies","Transactional","14.93","BUY-03","Mei-Ling Chow","Optics & Coatings","36.6648","32.6028","32.8103","4.00","4.223","105.58","-0.2075","15621","518750.69","0.00","3155.59","-3063.16","0.00","99.24","86.0","ACCEPT","0","Accept for now: no credible leverage and not enough value to create any. Revisit if volume or the supplier base changes."
"169","23","LOM-0017","Photodetector Module 0017","Photodetector","Standard","2","4","0","VEN-018","Northlight Industries","Approved","17.17","BUY-01","Adaeze Okonkwo","Optoelectronics","496.1843","409.1377","410.8212","6.50","6.637","102.11","-1.6835","1207","490628.94","0.00","3642.13","-7776.10","0.00","99.16","75.0","ACCEPT","0","Accept for now: no credible leverage and not enough value to create any. Revisit if volume or the supplier base changes."
"170","24","LOM-0080","Laser Diode Module 0080","Laser Diode","Standard","3","5","0","VEN-004","Spectra GmbH","Strategic","1.51","BUY-01","Adaeze Okonkwo","Optoelectronics","501.9232","351.1076","394.6732","8.00","11.658","145.73","-43.5656","948","358229.94","0.00","31436.00","","358229.94","91.24","66.0","FIX_QUALITY","0","Quality first: the loss here is rejected material, not price. Open a corrective action with the supplier before discussing cost."
"171","50","LOM-0050","Optical Fibre Module 0050","Optical Fibre","Standard","2","2","0","VEN-020","Meridian Photonics Industries","Approved","12.07","BUY-03","Mei-Ling Chow","Optics & Coatings","28.9311","20.5132","26.0752","4.00","12.632","315.80","-5.5620","16885","350455.91","0.00","2485.34","-2734.51","0.00","99.29","72.0","ACCEPT","0","Accept for now: no credible leverage and not enough value to create any. Revisit if volume or the supplier base changes."
"172","16","LOM-0063","Thermal Control Component 0063","Thermal Control","Commodity","3","1","0","VEN-022","Vectra Industries","Approved","12.65","BUY-06","Tomas Varga","Mechanical & Thermal","254.1553","216.9588","217.7850","5.50","5.632","102.40","-0.8262","1435","314555.83","0.00","2200.51","661.91","0.00","99.24","86.0","ACCEPT","0","Accept for now: no credible leverage and not enough value to create any. Revisit if volume or the supplier base changes."
"173","25","LOM-0095","Thermal Control Component 0095","Thermal Control","Commodity","1","0","1","VEN-028","Spectra Technologies","Approved","8.62","BUY-05","Priya Raghunathan","Mechanical & Thermal","194.8669","166.3007","167.5771","5.50","5.771","104.93","-1.2764","1796","301950.75","0.00","2702.02","-200.72","0.00","99.11","50.0","ACCEPT","0","Accept for now: no credible leverage and not enough value to create any. Revisit if volume or the supplier base changes."
"174","26","LOM-0045","Precision Mount Module 0045","Precision Mount","Standard","2","3","0","VEN-017","Helix Optics Industries","Approved","10.21","BUY-05","Priya Raghunathan","Mechanical & Thermal","215.6098","203.7877","204.4611","2.00","2.123","106.15","-0.6734","1427","296432.44","0.00","2069.08","-60.54","0.00","99.22","65.0","ACCEPT","0","Accept for now: no credible leverage and not enough value to create any. Revisit if volume or the supplier base changes."
"175","44","LOM-0051","Lens Assembly Assy 0051","Lens Assembly","Critical","1","6","1","VEN-029","Helix Optics Technologies","Transactional","36.48","BUY-04","Johan Lindberg","Optics & Coatings","290.4277","265.5249","268.5764","3.00","3.431","114.37","-3.0515","848","225360.51","0.00","3985.04","-1439.42","0.00","98.23","46.0","ACCEPT","0","Accept for now: no credible leverage and not enough value to create any. Revisit if volume or the supplier base changes."
"176","25","LOM-0040","Laser Diode Component 0040","Laser Diode","Commodity","3","1","0","VEN-033","Oribel Technologies","Transactional","17.66","BUY-01","Adaeze Okonkwo","Optoelectronics","195.3514","153.9206","155.8409","8.00","8.419","105.24","-1.9203","1097","170604.06","0.00","1244.90","-1196.52","0.00","99.27","96.0","ACCEPT","0","Accept for now: no credible leverage and not enough value to create any. Revisit if volume or the supplier base changes."
"177","51","LOM-0004","Optical Coating Module 0004","Optical Coating","Standard","2","2","0","VEN-029","Helix Optics Technologies","Transactional","36.48","BUY-03","Mei-Ling Chow","Optics & Coatings","76.0924","64.9487","65.4744","5.00","5.262","105.24","-0.5257","2120","138121.38","0.00","2209.90","-1660.17","0.00","98.14","82.0","ACCEPT","0","Accept for now: no credible leverage and not enough value to create any. Revisit if volume or the supplier base changes."
"178","26","LOM-0105","Photodetector Component 0105","Photodetector","Commodity","2","0","0","VEN-007","Quantex GmbH","Preferred","10.21","BUY-01","Adaeze Okonkwo","Optoelectronics","107.5608","87.6443","92.3414","6.50","8.627","132.72","-4.6971","752","73352.48","0.00","672.07","264.29","0.00","99.07","72.0","ACCEPT","0","Accept for now: no credible leverage and not enough value to create any. Revisit if volume or the supplier base changes."
"179","17","LOM-0077","Precision Mount Assy 0077","Precision Mount","Critical","2","9","0","VEN-024","Aperture Technologies","Approved","18.36","BUY-06","Tomas Varga","Mechanical & Thermal","249.9879","236.2289","238.4786","2.00","2.398","119.90","-2.2497","251","59673.77","0.00","715.48","0.00","0.00","98.80","62.0","ACCEPT","0","Accept for now: no credible leverage and not enough value to create any. Revisit if volume or the supplier base changes."
"180","45","LOM-0003","Lens Assembly Component 0003","Lens Assembly","Commodity","2","0","0","VEN-009","Oribel GmbH","Preferred","9.47","BUY-04","Johan Lindberg","Optics & Coatings","72.6035","66.7854","67.0346","3.00","3.138","104.60","-0.2492","852","57621.64","0.00","814.33","251.65","0.00","98.59","72.0","ACCEPT","0","Accept for now: no credible leverage and not enough value to create any. Revisit if volume or the supplier base changes."
"181","16","LOM-0040","Laser Diode Component 0040","Laser Diode","Commodity","3","1","0","VEN-015","Crystalline Industries","Preferred","3.57","BUY-02","Rafael Duarte","Optoelectronics","195.3514","157.5473","158.3427","8.00","8.184","102.30","-0.7954","200","33971.13","0.00","331.50","0.00","28935.37","99.00","73.0","PUT_ON_CONTRACT","0","Most of this spend has no agreement in force. Put it under contract before attempting to negotiate a price against nothing."
"182","46","LOM-0140","Optical Coating Module 0140","Optical Coating","Standard","2","4","0","VEN-026","Photonica Technologies","Approved","9.22","BUY-04","Johan Lindberg","Optics & Coatings","80.6367","68.5376","70.0138","5.00","5.732","114.64","-1.4762","488","33446.35","0.00","68.54","0.00","0.00","99.57","65.0","ACCEPT","0","Accept for now: no credible leverage and not enough value to create any. Revisit if volume or the supplier base changes."
"183","47","LOM-0110","Fibre Connector Component 0110","Fibre Connector","Commodity","3","1","0","VEN-018","Northlight Industries","Approved","17.17","BUY-04","Johan Lindberg","Optics & Coatings","24.9508","21.2975","21.6977","7.00","7.896","112.80","-0.4002","1448","31594.63","0.00","282.24","182.25","0.00","99.10","96.0","ACCEPT","0","Accept for now: no credible leverage and not enough value to create any. Revisit if volume or the supplier base changes."
"184","18","LOM-0029","Precision Mount Component 0029","Precision Mount","Commodity","3","1","0","VEN-034","Vectra Technologies","Transactional","34.49","BUY-06","Tomas Varga","Mechanical & Thermal","158.0091","149.3770","150.4120","2.00","2.277","113.85","-1.0350","204","30472.91","0.00","149.38","0.00","0.00","99.51","96.0","ACCEPT","0","Accept for now: no credible leverage and not enough value to create any. Revisit if volume or the supplier base changes."
"185","19","LOM-0125","Precision Mount Component 0125","Precision Mount","Commodity","2","0","0","VEN-008","Meridian Photonics GmbH","Preferred","5.01","BUY-06","Tomas Varga","Mechanical & Thermal","202.4723","191.2970","194.6116","2.00","2.855","142.75","-3.3146","114","22214.91","0.00","0.00","0.00","0.00","100.00","63.0","ACCEPT","0","Accept for now: no credible leverage and not enough value to create any. Revisit if volume or the supplier base changes."
