"PriorityRank","InstallKey","ComponentSerial","ComponentCode","ComponentName","Criticality","TailNumber","BaseCode","BaseName","PositionNo","InstalledDate","FlightHours","StressHours","IntervalFlightHours","IntervalStressHours","PctOfHourInterval","PctOfStressInterval","IsOverdueByHours","IsOverdueByStress","IsHiddenOverdue","StressPerFlightHour","RemainingStressHours","ProjectedFlightHoursToStressLimit","LeadTimeFlightHours","ActionCode","JobHours","CumulativeJobHours","IsThisWeek","RecommendedAction"
"1","372","MOTOR-ESC-00100","MOTOR-ESC","Motor and speed controller","FlightCritical","MU-008","HIGHLND","Highland Operations","2","11/28/2025 12:00:00 AM","186.2996","402.1619","200.0","200.0","93.15","201.08","0","1","1","2.3105","-202.1619","-87.50","12.0","GROUND_AND_REPLACE","4.5","4.50","1","Ground MU-008. Motor and speed controller at position 2 is at 201.08% of its stress interval while reading 93.15% on the hour meter."
"2","392","ROTOR-ASSY-00139","ROTOR-ASSY","Rotor assembly and bearing","FlightCritical","MU-008","HIGHLND","Highland Operations","2","2/7/2026 12:00:00 AM","139.7328","308.1946","150.0","150.0","93.16","205.46","0","1","1","2.3105","-158.1946","-68.47","18.0","GROUND_AND_REPLACE","4.5","9.00","1","Ground MU-008. Rotor assembly and bearing at position 2 is at 205.46% of its stress interval while reading 93.16% on the hour meter."
"3","99","ROTOR-ASSY-00026","ROTOR-ASSY","Rotor assembly and bearing","FlightCritical","MU-002","HIGHLND","Highland Operations","1","3/10/2026 12:00:00 AM","133.0167","302.8206","150.0","150.0","88.68","201.88","0","1","1","2.2807","-152.8206","-67.01","18.0","GROUND_AND_REPLACE","4.5","13.50","1","Ground MU-002. Rotor assembly and bearing at position 1 is at 201.88% of its stress interval while reading 88.68% on the hour meter."
"4","1503","ROTOR-ASSY-00545","ROTOR-ASSY","Rotor assembly and bearing","FlightCritical","MU-030","PORT","Port Logistics Hub","4","2/27/2026 12:00:00 AM","147.0335","299.8295","150.0","150.0","98.02","199.89","0","1","1","1.9627","-149.8295","-76.34","18.0","GROUND_AND_REPLACE","4.5","18.00","1","Ground MU-030. Rotor assembly and bearing at position 4 is at 199.89% of its stress interval while reading 98.02% on the hour meter."
"5","722","MOTOR-ESC-00198","MOTOR-ESC","Motor and speed controller","FlightCritical","MU-015","PORT","Port Logistics Hub","2","1/21/2026 12:00:00 AM","177.5832","348.3593","200.0","200.0","88.79","174.18","0","1","1","1.9216","-148.3593","-77.21","12.0","GROUND_AND_REPLACE","4.5","22.50","1","Ground MU-015. Motor and speed controller at position 2 is at 174.18% of its stress interval while reading 88.79% on the hour meter."
"6","23","MOTOR-ESC-00003","MOTOR-ESC","Motor and speed controller","FlightCritical","MU-001","PORT","Port Logistics Hub","1","1/20/2026 12:00:00 AM","171.0173","343.0481","200.0","200.0","85.51","171.52","0","1","1","2.0638","-143.0481","-69.31","12.0","GROUND_AND_REPLACE","4.5","27.00","1","Ground MU-001. Motor and speed controller at position 1 is at 171.52% of its stress interval while reading 85.51% on the hour meter."
"7","26","MOTOR-ESC-00006","MOTOR-ESC","Motor and speed controller","FlightCritical","MU-001","PORT","Port Logistics Hub","2","1/20/2026 12:00:00 AM","171.0173","343.0481","200.0","200.0","85.51","171.52","0","1","1","2.0638","-143.0481","-69.31","12.0","GROUND_AND_REPLACE","4.5","31.50","1","Ground MU-001. Motor and speed controller at position 2 is at 171.52% of its stress interval while reading 85.51% on the hour meter."
"8","85","MOTOR-ESC-00022","MOTOR-ESC","Motor and speed controller","FlightCritical","MU-002","HIGHLND","Highland Operations","2","2/21/2026 12:00:00 AM","150.2001","341.8081","200.0","200.0","75.10","170.90","0","1","1","2.2807","-141.8081","-62.18","12.0","GROUND_AND_REPLACE","4.5","36.00","1","Ground MU-002. Motor and speed controller at position 2 is at 170.90% of its stress interval while reading 75.10% on the hour meter."
"9","1044","MOTOR-ESC-00284","MOTOR-ESC","Motor and speed controller","FlightCritical","MU-021","ACADEMY","Training Academy","1","6/27/2025 12:00:00 AM","179.7000","336.7168","200.0","200.0","89.85","168.36","0","1","1","1.9149","-136.7168","-71.40","12.0","GROUND_AND_REPLACE","4.5","40.50","1","Ground MU-021. Motor and speed controller at position 1 is at 168.36% of its stress interval while reading 89.85% on the hour meter."
"10","1046","MOTOR-ESC-00286","MOTOR-ESC","Motor and speed controller","FlightCritical","MU-021","ACADEMY","Training Academy","2","6/27/2025 12:00:00 AM","179.7000","336.7168","200.0","200.0","89.85","168.36","0","1","1","1.9149","-136.7168","-71.40","12.0","GROUND_AND_REPLACE","4.5","45.00","1","Ground MU-021. Motor and speed controller at position 2 is at 168.36% of its stress interval while reading 89.85% on the hour meter."
"11","1048","MOTOR-ESC-00288","MOTOR-ESC","Motor and speed controller","FlightCritical","MU-021","ACADEMY","Training Academy","3","6/27/2025 12:00:00 AM","179.7000","336.7168","200.0","200.0","89.85","168.36","0","1","1","1.9149","-136.7168","-71.40","12.0","GROUND_AND_REPLACE","4.5","49.50","1","Ground MU-021. Motor and speed controller at position 3 is at 168.36% of its stress interval while reading 89.85% on the hour meter."
"12","1001","MOTOR-ESC-00274","MOTOR-ESC","Motor and speed controller","FlightCritical","MU-020","HIGHLND","Highland Operations","2","2/2/2026 12:00:00 AM","158.3329","336.7002","200.0","200.0","79.17","168.35","0","1","1","2.2582","-136.7002","-60.54","12.0","GROUND_AND_REPLACE","4.5","54.00","1","Ground MU-020. Motor and speed controller at position 2 is at 168.35% of its stress interval while reading 79.17% on the hour meter."
"13","1476","MOTOR-ESC-00403","MOTOR-ESC","Motor and speed controller","FlightCritical","MU-030","PORT","Port Logistics Hub","1","2/5/2026 12:00:00 AM","163.8167","335.5017","200.0","200.0","81.91","167.75","0","1","1","1.9627","-135.5017","-69.04","12.0","GROUND_AND_REPLACE","4.5","58.50","1","Ground MU-030. Motor and speed controller at position 1 is at 167.75% of its stress interval while reading 81.91% on the hour meter."
"14","262","ROTOR-ASSY-00099","ROTOR-ASSY","Rotor assembly and bearing","FlightCritical","MU-005","PORT","Port Logistics Hub","4","2/27/2026 12:00:00 AM","140.7332","284.2317","150.0","150.0","93.82","189.49","0","1","1","1.9127","-134.2317","-70.18","18.0","GROUND_AND_REPLACE","4.5","63.00","1","Ground MU-005. Rotor assembly and bearing at position 4 is at 189.49% of its stress interval while reading 93.82% on the hour meter."
"15","903","ROTOR-ASSY-00325","ROTOR-ASSY","Rotor assembly and bearing","FlightCritical","MU-018","HIGHLND","Highland Operations","3","2/13/2026 12:00:00 AM","131.1003","281.8172","150.0","150.0","87.40","187.88","0","1","1","2.1969","-131.8172","-60.00","18.0","GROUND_AND_REPLACE","4.5","67.50","1","Ground MU-018. Rotor assembly and bearing at position 3 is at 187.88% of its stress interval while reading 87.40% on the hour meter."
"16","687","ROTOR-ASSY-00246","ROTOR-ASSY","Rotor assembly and bearing","FlightCritical","MU-014","PORT","Port Logistics Hub","3","3/4/2026 12:00:00 AM","139.4500","276.6985","150.0","150.0","92.97","184.47","0","1","1","1.8671","-126.6985","-67.86","18.0","GROUND_AND_REPLACE","4.5","72.00","1","Ground MU-014. Rotor assembly and bearing at position 3 is at 184.47% of its stress interval while reading 92.97% on the hour meter."
"17","209","BATT-PACK-00049","BATT-PACK","Main battery pack","FlightCritical","MU-005","PORT","Port Logistics Hub","1","3/28/2026 12:00:00 AM","121.5000","246.2652","120.0","120.0","101.25","205.22","1","1","0","1.9127","-126.2652","-66.01","8.0","GROUND_AND_REPLACE","4.5","76.50","1","Ground MU-005. Main battery pack at position 1 is at 205.22% of its stress interval while reading 101.25% on the hour meter."
"18","671","MOTOR-ESC-00188","MOTOR-ESC","Motor and speed controller","FlightCritical","MU-014","PORT","Port Logistics Hub","3","1/10/2026 12:00:00 AM","164.9166","325.9035","200.0","200.0","82.46","162.95","0","1","1","1.8671","-125.9035","-67.43","12.0","GROUND_AND_REPLACE","4.5","81.00","1","Ground MU-014. Motor and speed controller at position 3 is at 162.95% of its stress interval while reading 82.46% on the hour meter."
"19","981","BATT-PACK-00213","BATT-PACK","Main battery pack","FlightCritical","MU-020","HIGHLND","Highland Operations","1","4/9/2026 12:00:00 AM","111.8997","244.5730","120.0","120.0","93.25","203.81","0","1","1","2.2582","-124.5730","-55.16","8.0","GROUND_AND_REPLACE","4.5","85.50","1","Ground MU-020. Main battery pack at position 1 is at 203.81% of its stress interval while reading 93.25% on the hour meter."
"20","1018","ROTOR-ASSY-00363","ROTOR-ASSY","Rotor assembly and bearing","FlightCritical","MU-020","HIGHLND","Highland Operations","2","3/21/2026 12:00:00 AM","126.0496","267.9824","150.0","150.0","84.03","178.65","0","1","1","2.2582","-117.9824","-52.25","18.0","GROUND_AND_REPLACE","4.5","90.00","1","Ground MU-020. Rotor assembly and bearing at position 2 is at 178.65% of its stress interval while reading 84.03% on the hour meter."
"21","339","ROTOR-ASSY-00123","ROTOR-ASSY","Rotor assembly and bearing","FlightCritical","MU-007","ACADEMY","Training Academy","2","10/2/2025 12:00:00 AM","143.2165","266.1467","150.0","150.0","95.48","177.43","0","1","1","1.7137","-116.1467","-67.78","18.0","GROUND_AND_REPLACE","4.5","94.50","1","Ground MU-007. Rotor assembly and bearing at position 2 is at 177.43% of its stress interval while reading 95.48% on the hour meter."
"22","215","BATT-PACK-00055","BATT-PACK","Main battery pack","FlightCritical","MU-005","PORT","Port Logistics Hub","2","3/31/2026 12:00:00 AM","116.6166","235.2122","120.0","120.0","97.18","196.01","0","1","1","1.9127","-115.2122","-60.24","8.0","GROUND_AND_REPLACE","4.5","99.00","1","Ground MU-005. Main battery pack at position 2 is at 196.01% of its stress interval while reading 97.18% on the hour meter."
"23","352","BATT-PACK-00077","BATT-PACK","Main battery pack","FlightCritical","MU-008","HIGHLND","Highland Operations","1","4/7/2026 12:00:00 AM","104.8330","233.0981","120.0","120.0","87.36","194.25","0","1","1","2.3105","-113.0981","-48.95","8.0","GROUND_AND_REPLACE","4.5","103.50","1","Ground MU-008. Main battery pack at position 1 is at 194.25% of its stress interval while reading 87.36% on the hour meter."
"24","775","MOTOR-ESC-00210","MOTOR-ESC","Motor and speed controller","FlightCritical","MU-016","PORT","Port Logistics Hub","1","2/14/2026 12:00:00 AM","158.4834","312.4206","200.0","200.0","79.24","156.21","0","1","1","1.9188","-112.4206","-58.59","12.0","GROUND_AND_REPLACE","4.5","108.00","1","Ground MU-016. Motor and speed controller at position 1 is at 156.21% of its stress interval while reading 79.24% on the hour meter."
"25","536","MOTOR-ESC-00151","MOTOR-ESC","Motor and speed controller","FlightCritical","MU-011","HIGHLND","Highland Operations","3","2/16/2026 12:00:00 AM","142.2998","306.1695","200.0","200.0","71.15","153.08","0","1","1","2.1761","-106.1695","-48.79","12.0","GROUND_AND_REPLACE","4.5","112.50","1","Ground MU-011. Motor and speed controller at position 3 is at 153.08% of its stress interval while reading 71.15% on the hour meter."
"26","233","MOTOR-ESC-00064","MOTOR-ESC","Motor and speed controller","FlightCritical","MU-005","PORT","Port Logistics Hub","3","2/17/2026 12:00:00 AM","150.5832","304.9320","200.0","200.0","75.29","152.47","0","1","1","1.9127","-104.9320","-54.86","12.0","GROUND_AND_REPLACE","4.5","117.00","1","Ground MU-005. Motor and speed controller at position 3 is at 152.47% of its stress interval while reading 75.29% on the hour meter."
"27","1227","BATT-PACK-00266","BATT-PACK","Main battery pack","FlightCritical","MU-025","HIGHLND","Highland Operations","1","4/11/2026 12:00:00 AM","102.7169","223.4371","120.0","120.0","85.60","186.20","0","1","1","2.1718","-103.4371","-47.63","8.0","GROUND_AND_REPLACE","4.5","121.50","0","Ground MU-025. Main battery pack at position 1 is at 186.20% of its stress interval while reading 85.60% on the hour meter."
"28","986","BATT-PACK-00218","BATT-PACK","Main battery pack","FlightCritical","MU-020","HIGHLND","Highland Operations","2","5/1/2026 12:00:00 AM","100.4331","217.0288","120.0","120.0","83.69","180.86","0","1","1","2.2582","-97.0288","-42.97","8.0","GROUND_AND_REPLACE","4.5","126.00","0","Ground MU-020. Main battery pack at position 2 is at 180.86% of its stress interval while reading 83.69% on the hour meter."
"29","799","ROTOR-ASSY-00285","ROTOR-ASSY","Rotor assembly and bearing","FlightCritical","MU-016","PORT","Port Logistics Hub","2","3/31/2026 12:00:00 AM","123.6502","243.9636","150.0","150.0","82.43","162.64","0","1","1","1.9188","-93.9636","-48.97","18.0","GROUND_AND_REPLACE","4.5","130.50","0","Ground MU-016. Rotor assembly and bearing at position 2 is at 162.64% of its stress interval while reading 82.43% on the hour meter."
"30","358","BATT-PACK-00083","BATT-PACK","Main battery pack","FlightCritical","MU-008","HIGHLND","Highland Operations","2","5/2/2026 12:00:00 AM","96.6497","213.1795","120.0","120.0","80.54","177.65","0","1","1","2.3105","-93.1795","-40.33","8.0","GROUND_AND_REPLACE","4.5","135.00","0","Ground MU-008. Main battery pack at position 2 is at 177.65% of its stress interval while reading 80.54% on the hour meter."
"31","674","MOTOR-ESC-00191","MOTOR-ESC","Motor and speed controller","FlightCritical","MU-014","PORT","Port Logistics Hub","4","2/18/2026 12:00:00 AM","146.8166","291.7109","200.0","200.0","73.41","145.86","0","1","1","1.8671","-91.7109","-49.12","12.0","GROUND_AND_REPLACE","4.5","139.50","0","Ground MU-014. Motor and speed controller at position 4 is at 145.86% of its stress interval while reading 73.41% on the hour meter."
"32","783","MOTOR-ESC-00218","MOTOR-ESC","Motor and speed controller","FlightCritical","MU-016","PORT","Port Logistics Hub","3","3/9/2026 12:00:00 AM","145.7668","285.8197","200.0","200.0","72.88","142.91","0","1","1","1.9188","-85.8197","-44.73","12.0","GROUND_AND_REPLACE","4.5","144.00","0","Ground MU-016. Motor and speed controller at position 3 is at 142.91% of its stress interval while reading 72.88% on the hour meter."
"33","1302","MOTOR-ESC-00357","MOTOR-ESC","Motor and speed controller","FlightCritical","MU-026","ACADEMY","Training Academy","2","9/29/2025 12:00:00 AM","149.6839","283.0056","200.0","200.0","74.84","141.50","0","1","1","1.9301","-83.0056","-43.01","12.0","GROUND_AND_REPLACE","4.5","148.50","0","Ground MU-026. Motor and speed controller at position 2 is at 141.50% of its stress interval while reading 74.84% on the hour meter."
"34","30","MOTOR-ESC-00010","MOTOR-ESC","Motor and speed controller","FlightCritical","MU-001","PORT","Port Logistics Hub","3","3/13/2026 12:00:00 AM","135.4004","279.4877","200.0","200.0","67.70","139.74","0","1","1","2.0638","-79.4877","-38.52","12.0","GROUND_AND_REPLACE","4.5","153.00","0","Ground MU-001. Motor and speed controller at position 3 is at 139.74% of its stress interval while reading 67.70% on the hour meter."
"35","403","ROTOR-ASSY-00150","ROTOR-ASSY","Rotor assembly and bearing","FlightCritical","MU-008","HIGHLND","Highland Operations","4","4/22/2026 12:00:00 AM","102.3497","227.5985","150.0","150.0","68.23","151.73","0","1","1","2.3105","-77.5985","-33.59","18.0","GROUND_AND_REPLACE","4.5","157.50","0","Ground MU-008. Rotor assembly and bearing at position 4 is at 151.73% of its stress interval while reading 68.23% on the hour meter."
"36","558","ROTOR-ASSY-00204","ROTOR-ASSY","Rotor assembly and bearing","FlightCritical","MU-011","HIGHLND","Highland Operations","4","4/3/2026 12:00:00 AM","105.4332","225.0208","150.0","150.0","70.29","150.01","0","1","1","2.1761","-75.0208","-34.47","18.0","GROUND_AND_REPLACE","4.5","162.00","0","Ground MU-011. Rotor assembly and bearing at position 4 is at 150.01% of its stress interval while reading 70.29% on the hour meter."
"37","1293","BATT-PACK-00280","BATT-PACK","Main battery pack","FlightCritical","MU-026","ACADEMY","Training Academy","2","1/21/2026 12:00:00 AM","101.7670","189.7509","120.0","120.0","84.81","158.13","0","1","1","1.9301","-69.7509","-36.14","8.0","GROUND_AND_REPLACE","4.5","166.50","0","Ground MU-026. Main battery pack at position 2 is at 158.13% of its stress interval while reading 84.81% on the hour meter."
"38","325","MOTOR-ESC-00085","MOTOR-ESC","Motor and speed controller","FlightCritical","MU-007","ACADEMY","Training Academy","1","9/27/2025 12:00:00 AM","146.0165","269.6915","200.0","200.0","73.01","134.85","0","1","1","1.7137","-69.6915","-40.67","12.0","GROUND_AND_REPLACE","4.5","171.00","0","Ground MU-007. Motor and speed controller at position 1 is at 134.85% of its stress interval while reading 73.01% on the hour meter."
"39","861","BATT-PACK-00194","BATT-PACK","Main battery pack","FlightCritical","MU-018","HIGHLND","Highland Operations","2","4/18/2026 12:00:00 AM","85.1502","186.8278","120.0","120.0","70.96","155.69","0","1","1","2.1969","-66.8278","-30.42","8.0","GROUND_AND_REPLACE","4.5","175.50","0","Ground MU-018. Main battery pack at position 2 is at 155.69% of its stress interval while reading 70.96% on the hour meter."
"40","540","MOTOR-ESC-00155","MOTOR-ESC","Motor and speed controller","FlightCritical","MU-011","HIGHLND","Highland Operations","4","3/11/2026 12:00:00 AM","123.5665","266.7160","200.0","200.0","61.78","133.36","0","1","1","2.1761","-66.7160","-30.66","12.0","GROUND_AND_REPLACE","4.5","180.00","0","Ground MU-011. Motor and speed controller at position 4 is at 133.36% of its stress interval while reading 61.78% on the hour meter."
"41","787","MOTOR-ESC-00222","MOTOR-ESC","Motor and speed controller","FlightCritical","MU-016","PORT","Port Logistics Hub","4","3/20/2026 12:00:00 AM","135.1001","265.7542","200.0","200.0","67.55","132.88","0","1","1","1.9188","-65.7542","-34.27","12.0","GROUND_AND_REPLACE","4.5","184.50","0","Ground MU-016. Motor and speed controller at position 4 is at 132.88% of its stress interval while reading 67.55% on the hour meter."
"42","544","ROTOR-ASSY-00190","ROTOR-ASSY","Rotor assembly and bearing","FlightCritical","MU-011","HIGHLND","Highland Operations","1","4/27/2026 12:00:00 AM","98.7499","212.9961","150.0","150.0","65.83","142.00","0","1","1","2.1761","-62.9961","-28.95","18.0","GROUND_AND_REPLACE","4.5","189.00","0","Ground MU-011. Rotor assembly and bearing at position 1 is at 142.00% of its stress interval while reading 65.83% on the hour meter."
"43","1370","ROTOR-ASSY-00494","ROTOR-ASSY","Rotor assembly and bearing","FlightCritical","MU-027","HIGHLND","Highland Operations","3","4/30/2026 12:00:00 AM","104.6832","210.9122","150.0","150.0","69.79","140.61","0","1","1","1.9080","-60.9122","-31.92","18.0","GROUND_AND_REPLACE","4.5","193.50","0","Ground MU-027. Rotor assembly and bearing at position 3 is at 140.61% of its stress interval while reading 69.79% on the hour meter."
"44","513","BATT-PACK-00110","BATT-PACK","Main battery pack","FlightCritical","MU-011","HIGHLND","Highland Operations","1","5/25/2026 12:00:00 AM","81.1666","178.9957","120.0","120.0","67.64","149.16","0","1","1","2.1761","-58.9957","-27.11","8.0","GROUND_AND_REPLACE","4.5","198.00","0","Ground MU-011. Main battery pack at position 1 is at 149.16% of its stress interval while reading 67.64% on the hour meter."
"45","319","BATT-PACK-00072","BATT-PACK","Main battery pack","FlightCritical","MU-007","ACADEMY","Training Academy","2","1/19/2026 12:00:00 AM","96.4998","177.7908","120.0","120.0","80.42","148.16","0","1","1","1.7137","-57.7908","-33.72","8.0","GROUND_AND_REPLACE","4.5","202.50","0","Ground MU-007. Main battery pack at position 2 is at 148.16% of its stress interval while reading 80.42% on the hour meter."
"46","327","MOTOR-ESC-00087","MOTOR-ESC","Motor and speed controller","FlightCritical","MU-007","ACADEMY","Training Academy","2","10/8/2025 12:00:00 AM","137.9166","255.3424","200.0","200.0","68.96","127.67","0","1","1","1.7137","-55.3424","-32.29","12.0","GROUND_AND_REPLACE","4.5","207.00","0","Ground MU-007. Motor and speed controller at position 2 is at 127.67% of its stress interval while reading 68.96% on the hour meter."
"47","329","MOTOR-ESC-00089","MOTOR-ESC","Motor and speed controller","FlightCritical","MU-007","ACADEMY","Training Academy","3","10/8/2025 12:00:00 AM","137.9166","255.3424","200.0","200.0","68.96","127.67","0","1","1","1.7137","-55.3424","-32.29","12.0","GROUND_AND_REPLACE","4.5","211.50","0","Ground MU-007. Motor and speed controller at position 3 is at 127.67% of its stress interval while reading 68.96% on the hour meter."
"48","7","BATT-PACK-00006","BATT-PACK","Main battery pack","FlightCritical","MU-001","PORT","Port Logistics Hub","1","6/2/2026 12:00:00 AM","78.4668","161.8788","120.0","120.0","65.39","134.90","0","1","1","2.0638","-41.8788","-20.29","8.0","GROUND_AND_REPLACE","4.5","216.00","0","Ground MU-001. Main battery pack at position 1 is at 134.90% of its stress interval while reading 65.39% on the hour meter."
"49","683","ROTOR-ASSY-00242","ROTOR-ASSY","Rotor assembly and bearing","FlightCritical","MU-014","PORT","Port Logistics Hub","2","5/18/2026 12:00:00 AM","95.3167","191.0269","150.0","150.0","63.54","127.35","0","1","1","1.8671","-41.0269","-21.97","18.0","GROUND_AND_REPLACE","4.5","220.50","0","Ground MU-014. Rotor assembly and bearing at position 2 is at 127.35% of its stress interval while reading 63.54% on the hour meter."
"50","554","ROTOR-ASSY-00200","ROTOR-ASSY","Rotor assembly and bearing","FlightCritical","MU-011","HIGHLND","Highland Operations","3","5/13/2026 12:00:00 AM","87.1999","189.0756","150.0","150.0","58.13","126.05","0","1","1","2.1761","-39.0756","-17.96","18.0","GROUND_AND_REPLACE","4.5","225.00","0","Ground MU-011. Rotor assembly and bearing at position 3 is at 126.05% of its stress interval while reading 58.13% on the hour meter."
"51","1141","MOTOR-ESC-00315","MOTOR-ESC","Motor and speed controller","FlightCritical","MU-023","COASTAL","Coastal Survey Base","3","10/29/2025 12:00:00 AM","195.4000","237.7907","200.0","200.0","97.70","118.90","0","1","1","1.2827","-37.7907","-29.46","12.0","GROUND_AND_REPLACE","4.5","229.50","0","Ground MU-023. Motor and speed controller at position 3 is at 118.90% of its stress interval while reading 97.70% on the hour meter."
"52","1144","MOTOR-ESC-00318","MOTOR-ESC","Motor and speed controller","FlightCritical","MU-023","COASTAL","Coastal Survey Base","4","10/29/2025 12:00:00 AM","195.4000","237.7907","200.0","200.0","97.70","118.90","0","1","1","1.2827","-37.7907","-29.46","12.0","GROUND_AND_REPLACE","4.5","234.00","0","Ground MU-023. Motor and speed controller at position 4 is at 118.90% of its stress interval while reading 97.70% on the hour meter."
"53","1486","MOTOR-ESC-00413","MOTOR-ESC","Motor and speed controller","FlightCritical","MU-030","PORT","Port Logistics Hub","4","4/24/2026 12:00:00 AM","115.1500","236.3293","200.0","200.0","57.58","118.16","0","1","1","1.9627","-36.3293","-18.51","12.0","GROUND_AND_REPLACE","4.5","238.50","0","Ground MU-030. Motor and speed controller at position 4 is at 118.16% of its stress interval while reading 57.58% on the hour meter."
"54","1307","MOTOR-ESC-00362","MOTOR-ESC","Motor and speed controller","FlightCritical","MU-026","ACADEMY","Training Academy","4","11/27/2025 12:00:00 AM","126.0338","235.9918","200.0","200.0","63.02","118.00","0","1","1","1.9301","-35.9918","-18.65","12.0","GROUND_AND_REPLACE","4.5","243.00","0","Ground MU-026. Motor and speed controller at position 4 is at 118.00% of its stress interval while reading 63.02% on the hour meter."
"55","679","ROTOR-ASSY-00238","ROTOR-ASSY","Rotor assembly and bearing","FlightCritical","MU-014","PORT","Port Logistics Hub","1","5/28/2026 12:00:00 AM","92.4167","185.4382","150.0","150.0","61.61","123.63","0","1","1","1.8671","-35.4382","-18.98","18.0","GROUND_AND_REPLACE","4.5","247.50","0","Ground MU-014. Rotor assembly and bearing at position 1 is at 123.63% of its stress interval while reading 61.61% on the hour meter."
"56","1086","MOTOR-ESC-00295","MOTOR-ESC","Motor and speed controller","FlightCritical","MU-022","COASTAL","Coastal Survey Base","1","11/18/2025 12:00:00 AM","190.4336","234.8751","200.0","200.0","95.22","117.44","0","1","1","1.2703","-34.8751","-27.45","12.0","GROUND_AND_REPLACE","4.5","252.00","0","Ground MU-022. Motor and speed controller at position 1 is at 117.44% of its stress interval while reading 95.22% on the hour meter."
"57","876","MOTOR-ESC-00239","MOTOR-ESC","Motor and speed controller","FlightCritical","MU-018","HIGHLND","Highland Operations","2","3/16/2026 12:00:00 AM","108.5671","233.2459","200.0","200.0","54.28","116.62","0","1","1","2.1969","-33.2459","-15.13","12.0","GROUND_AND_REPLACE","4.5","256.50","0","Ground MU-018. Motor and speed controller at position 2 is at 116.62% of its stress interval while reading 54.28% on the hour meter."
"58","62","BATT-PACK-00018","BATT-PACK","Main battery pack","FlightCritical","MU-002","HIGHLND","Highland Operations","1","6/26/2026 12:00:00 AM","67.4332","151.3844","120.0","120.0","56.19","126.15","0","1","1","2.2807","-31.3844","-13.76","8.0","GROUND_AND_REPLACE","4.5","261.00","0","Ground MU-002. Main battery pack at position 1 is at 126.15% of its stress interval while reading 56.19% on the hour meter."
"59","1342","MOTOR-ESC-00365","MOTOR-ESC","Motor and speed controller","FlightCritical","MU-027","HIGHLND","Highland Operations","1","4/21/2026 12:00:00 AM","112.7832","229.4611","200.0","200.0","56.39","114.73","0","1","1","1.9080","-29.4611","-15.44","12.0","GROUND_AND_REPLACE","4.5","265.50","0","Ground MU-027. Motor and speed controller at position 1 is at 114.73% of its stress interval while reading 56.39% on the hour meter."
"60","891","ROTOR-ASSY-00313","ROTOR-ASSY","Rotor assembly and bearing","FlightCritical","MU-018","HIGHLND","Highland Operations","1","4/28/2026 12:00:00 AM","80.0502","175.2986","150.0","150.0","53.37","116.87","0","1","1","2.1969","-25.2986","-11.52","18.0","GROUND_AND_REPLACE","4.5","270.00","0","Ground MU-018. Rotor assembly and bearing at position 1 is at 116.87% of its stress interval while reading 53.37% on the hour meter."
"61","1089","MOTOR-ESC-00298","MOTOR-ESC","Motor and speed controller","FlightCritical","MU-022","COASTAL","Coastal Survey Base","2","12/4/2025 12:00:00 AM","181.9003","224.5887","200.0","200.0","90.95","112.29","0","1","1","1.2703","-24.5887","-19.36","12.0","GROUND_AND_REPLACE","4.5","274.50","0","Ground MU-022. Motor and speed controller at position 2 is at 112.29% of its stress interval while reading 90.95% on the hour meter."
"62","1092","MOTOR-ESC-00301","MOTOR-ESC","Motor and speed controller","FlightCritical","MU-022","COASTAL","Coastal Survey Base","3","12/4/2025 12:00:00 AM","181.9003","224.5887","200.0","200.0","90.95","112.29","0","1","1","1.2703","-24.5887","-19.36","12.0","GROUND_AND_REPLACE","4.5","279.00","0","Ground MU-022. Motor and speed controller at position 3 is at 112.29% of its stress interval while reading 90.95% on the hour meter."
"63","1095","MOTOR-ESC-00304","MOTOR-ESC","Motor and speed controller","FlightCritical","MU-022","COASTAL","Coastal Survey Base","4","12/4/2025 12:00:00 AM","181.9003","224.5887","200.0","200.0","90.95","112.29","0","1","1","1.2703","-24.5887","-19.36","12.0","GROUND_AND_REPLACE","4.5","283.50","0","Ground MU-022. Motor and speed controller at position 4 is at 112.29% of its stress interval while reading 90.95% on the hour meter."
"64","1148","ROTOR-ASSY-00407","ROTOR-ASSY","Rotor assembly and bearing","FlightCritical","MU-023","COASTAL","Coastal Survey Base","1","1/30/2026 12:00:00 AM","144.9000","173.6421","150.0","150.0","96.60","115.76","0","1","1","1.2827","-23.6421","-18.43","18.0","GROUND_AND_REPLACE","4.5","288.00","0","Ground MU-023. Rotor assembly and bearing at position 1 is at 115.76% of its stress interval while reading 96.60% on the hour meter."
"65","1162","ROTOR-ASSY-00421","ROTOR-ASSY","Rotor assembly and bearing","FlightCritical","MU-023","COASTAL","Coastal Survey Base","4","1/30/2026 12:00:00 AM","144.9000","173.6421","150.0","150.0","96.60","115.76","0","1","1","1.2827","-23.6421","-18.43","18.0","GROUND_AND_REPLACE","4.5","292.50","0","Ground MU-023. Rotor assembly and bearing at position 4 is at 115.76% of its stress interval while reading 96.60% on the hour meter."
"66","746","ROTOR-ASSY-00268","ROTOR-ASSY","Rotor assembly and bearing","FlightCritical","MU-015","PORT","Port Logistics Hub","3","5/27/2026 12:00:00 AM","89.5333","173.6418","150.0","150.0","59.69","115.76","0","1","1","1.9216","-23.6418","-12.30","18.0","GROUND_AND_REPLACE","4.5","297.00","0","Ground MU-015. Rotor assembly and bearing at position 3 is at 115.76% of its stress interval while reading 59.69% on the hour meter."
"67","1023","ROTOR-ASSY-00368","ROTOR-ASSY","Rotor assembly and bearing","FlightCritical","MU-020","HIGHLND","Highland Operations","3","6/6/2026 12:00:00 AM","77.2831","171.9613","150.0","150.0","51.52","114.64","0","1","1","2.2582","-21.9613","-9.73","18.0","GROUND_AND_REPLACE","4.5","301.50","0","Ground MU-020. Rotor assembly and bearing at position 3 is at 114.64% of its stress interval while reading 51.52% on the hour meter."
"68","1099","ROTOR-ASSY-00390","ROTOR-ASSY","Rotor assembly and bearing","FlightCritical","MU-022","COASTAL","Coastal Survey Base","1","1/27/2026 12:00:00 AM","138.9170","171.9201","150.0","150.0","92.61","114.61","0","1","1","1.2703","-21.9201","-17.26","18.0","GROUND_AND_REPLACE","4.5","306.00","0","Ground MU-022. Rotor assembly and bearing at position 1 is at 114.61% of its stress interval while reading 92.61% on the hour meter."
"69","881","MOTOR-ESC-00244","MOTOR-ESC","Motor and speed controller","FlightCritical","MU-018","HIGHLND","Highland Operations","3","3/27/2026 12:00:00 AM","100.9170","218.5197","200.0","200.0","50.46","109.26","0","1","1","2.1969","-18.5197","-8.43","12.0","GROUND_AND_REPLACE","4.5","310.50","0","Ground MU-018. Motor and speed controller at position 3 is at 109.26% of its stress interval while reading 50.46% on the hour meter."
"70","1119","BATT-PACK-00242","BATT-PACK","Main battery pack","FlightCritical","MU-023","COASTAL","Coastal Survey Base","1","3/10/2026 12:00:00 AM","113.8331","138.4921","120.0","120.0","94.86","115.41","0","1","1","1.2827","-18.4921","-14.42","8.0","GROUND_AND_REPLACE","4.5","315.00","0","Ground MU-023. Main battery pack at position 1 is at 115.41% of its stress interval while reading 94.86% on the hour meter."
"71","1383","BATT-PACK-00298","BATT-PACK","Main battery pack","FlightCritical","MU-028","ACADEMY","Training Academy","2","3/6/2026 12:00:00 AM","73.9667","135.1654","120.0","120.0","61.64","112.64","0","1","1","1.7297","-15.1654","-8.77","8.0","GROUND_AND_REPLACE","4.5","319.50","0","Ground MU-028. Main battery pack at position 2 is at 112.64% of its stress interval while reading 61.64% on the hour meter."
"72","726","MOTOR-ESC-00202","MOTOR-ESC","Motor and speed controller","FlightCritical","MU-015","PORT","Port Logistics Hub","3","5/1/2026 12:00:00 AM","108.3834","214.7138","200.0","200.0","54.19","107.36","0","1","1","1.9216","-14.7138","-7.66","12.0","GROUND_AND_REPLACE","4.5","324.00","0","Ground MU-015. Motor and speed controller at position 3 is at 107.36% of its stress interval while reading 54.19% on the hour meter."
"73","1062","ROTOR-ASSY-00383","ROTOR-ASSY","Rotor assembly and bearing","FlightCritical","MU-021","ACADEMY","Training Academy","3","2/10/2026 12:00:00 AM","88.8836","164.3986","150.0","150.0","59.26","109.60","0","1","1","1.9149","-14.3986","-7.52","18.0","GROUND_AND_REPLACE","4.5","328.50","0","Ground MU-021. Rotor assembly and bearing at position 3 is at 109.60% of its stress interval while reading 59.26% on the hour meter."
"74","1509","BATT-PACK-00322","BATT-PACK","Main battery pack","FlightCritical","MU-031","COASTAL","Coastal Survey Base","1","3/25/2026 12:00:00 AM","117.0499","134.0764","120.0","120.0","97.54","111.73","0","1","1","1.1562","-14.0764","-12.17","8.0","GROUND_AND_REPLACE","4.5","333.00","0","Ground MU-031. Main battery pack at position 1 is at 111.73% of its stress interval while reading 97.54% on the hour meter."
"75","93","MOTOR-ESC-00030","MOTOR-ESC","Motor and speed controller","FlightCritical","MU-002","HIGHLND","Highland Operations","4","5/18/2026 12:00:00 AM","94.6001","213.5546","200.0","200.0","47.30","106.78","0","1","1","2.2807","-13.5546","-5.94","12.0","GROUND_AND_REPLACE","4.5","337.50","0","Ground MU-002. Motor and speed controller at position 4 is at 106.78% of its stress interval while reading 47.30% on the hour meter."
"76","946","MOTOR-ESC-00261","MOTOR-ESC","Motor and speed controller","FlightCritical","MU-019","PORT","Port Logistics Hub","3","4/8/2026 12:00:00 AM","111.5665","212.1741","200.0","200.0","55.78","106.09","0","1","1","1.8879","-12.1741","-6.45","12.0","GROUND_AND_REPLACE","4.5","342.00","0","Ground MU-019. Motor and speed controller at position 3 is at 106.09% of its stress interval while reading 55.78% on the hour meter."
"77","1103","ROTOR-ASSY-00394","ROTOR-ASSY","Rotor assembly and bearing","FlightCritical","MU-022","COASTAL","Coastal Survey Base","2","2/10/2026 12:00:00 AM","129.2670","162.0301","150.0","150.0","86.18","108.02","0","1","1","1.2703","-12.0301","-9.47","18.0","GROUND_AND_REPLACE","4.5","346.50","0","Ground MU-022. Rotor assembly and bearing at position 2 is at 108.02% of its stress interval while reading 86.18% on the hour meter."
"78","1107","ROTOR-ASSY-00398","ROTOR-ASSY","Rotor assembly and bearing","FlightCritical","MU-022","COASTAL","Coastal Survey Base","3","2/10/2026 12:00:00 AM","129.2670","162.0301","150.0","150.0","86.18","108.02","0","1","1","1.2703","-12.0301","-9.47","18.0","GROUND_AND_REPLACE","4.5","351.00","0","Ground MU-022. Rotor assembly and bearing at position 3 is at 108.02% of its stress interval while reading 86.18% on the hour meter."
"79","13","BATT-PACK-00012","BATT-PACK","Main battery pack","FlightCritical","MU-001","PORT","Port Logistics Hub","2","6/19/2026 12:00:00 AM","63.7670","131.7722","120.0","120.0","53.14","109.81","0","1","1","2.0638","-11.7722","-5.70","8.0","GROUND_AND_REPLACE","4.5","355.50","0","Ground MU-001. Main battery pack at position 2 is at 109.81% of its stress interval while reading 53.14% on the hour meter."
"80","581","MOTOR-ESC-00161","MOTOR-ESC","Motor and speed controller","FlightCritical","MU-012","COASTAL","Coastal Survey Base","2","12/12/2025 12:00:00 AM","177.5831","210.6598","200.0","200.0","88.79","105.33","0","1","1","1.0819","-10.6598","-9.85","12.0","GROUND_AND_REPLACE","4.5","360.00","0","Ground MU-012. Motor and speed controller at position 2 is at 105.33% of its stress interval while reading 88.79% on the hour meter."
"81","1483","MOTOR-ESC-00410","MOTOR-ESC","Motor and speed controller","FlightCritical","MU-030","PORT","Port Logistics Hub","3","5/12/2026 12:00:00 AM","102.5166","209.8052","200.0","200.0","51.26","104.90","0","1","1","1.9627","-9.8052","-5.00","12.0","GROUND_AND_REPLACE","4.5","364.50","0","Ground MU-030. Motor and speed controller at position 3 is at 104.90% of its stress interval while reading 51.26% on the hour meter."
"82","1389","MOTOR-ESC-00380","MOTOR-ESC","Motor and speed controller","FlightCritical","MU-028","ACADEMY","Training Academy","1","11/13/2025 12:00:00 AM","115.1166","207.2329","200.0","200.0","57.56","103.62","0","1","1","1.7297","-7.2329","-4.18","12.0","GROUND_AND_REPLACE","4.5","369.00","0","Ground MU-028. Motor and speed controller at position 1 is at 103.62% of its stress interval while reading 57.56% on the hour meter."
"83","1391","MOTOR-ESC-00382","MOTOR-ESC","Motor and speed controller","FlightCritical","MU-028","ACADEMY","Training Academy","2","11/13/2025 12:00:00 AM","115.1166","207.2329","200.0","200.0","57.56","103.62","0","1","1","1.7297","-7.2329","-4.18","12.0","GROUND_AND_REPLACE","4.5","373.50","0","Ground MU-028. Motor and speed controller at position 2 is at 103.62% of its stress interval while reading 57.56% on the hour meter."
"84","1393","MOTOR-ESC-00384","MOTOR-ESC","Motor and speed controller","FlightCritical","MU-028","ACADEMY","Training Academy","3","11/13/2025 12:00:00 AM","115.1166","207.2329","200.0","200.0","57.56","103.62","0","1","1","1.7297","-7.2329","-4.18","12.0","GROUND_AND_REPLACE","4.5","378.00","0","Ground MU-028. Motor and speed controller at position 3 is at 103.62% of its stress interval while reading 57.56% on the hour meter."
"85","1395","MOTOR-ESC-00386","MOTOR-ESC","Motor and speed controller","FlightCritical","MU-028","ACADEMY","Training Academy","4","11/13/2025 12:00:00 AM","115.1166","207.2329","200.0","200.0","57.56","103.62","0","1","1","1.7297","-7.2329","-4.18","12.0","GROUND_AND_REPLACE","4.5","382.50","0","Ground MU-028. Motor and speed controller at position 4 is at 103.62% of its stress interval while reading 57.56% on the hour meter."
"86","387","ROTOR-ASSY-00134","ROTOR-ASSY","Rotor assembly and bearing","FlightCritical","MU-008","HIGHLND","Highland Operations","1","6/4/2026 12:00:00 AM","72.5831","157.1948","150.0","150.0","48.39","104.80","0","1","1","2.3105","-7.1948","-3.11","18.0","GROUND_AND_REPLACE","4.5","387.00","0","Ground MU-008. Rotor assembly and bearing at position 1 is at 104.80% of its stress interval while reading 48.39% on the hour meter."
"87","167","BATT-PACK-00044","BATT-PACK","Main battery pack","FlightCritical","MU-004","COASTAL","Coastal Survey Base","2","4/8/2026 12:00:00 AM","111.2331","126.5973","120.0","120.0","92.69","105.50","0","1","1","1.1001","-6.5973","-6.00","8.0","GROUND_AND_REPLACE","4.5","391.50","0","Ground MU-004. Main battery pack at position 2 is at 105.50% of its stress interval while reading 92.69% on the hour meter."
"88","765","BATT-PACK-00172","BATT-PACK","Main battery pack","FlightCritical","MU-016","PORT","Port Logistics Hub","2","6/19/2026 12:00:00 AM","65.0666","126.5500","120.0","120.0","54.22","105.46","0","1","1","1.9188","-6.5500","-3.41","8.0","GROUND_AND_REPLACE","4.5","396.00","0","Ground MU-016. Main battery pack at position 2 is at 105.46% of its stress interval while reading 54.22% on the hour meter."
"89","974","ROTOR-ASSY-00354","ROTOR-ASSY","Rotor assembly and bearing","FlightCritical","MU-019","PORT","Port Logistics Hub","4","5/23/2026 12:00:00 AM","81.0666","154.3881","150.0","150.0","54.04","102.93","0","1","1","1.8879","-4.3881","-2.32","18.0","GROUND_AND_REPLACE","4.5","400.50","0","Ground MU-019. Rotor assembly and bearing at position 4 is at 102.93% of its stress interval while reading 54.04% on the hour meter."
"90","1432","MOTOR-ESC-00393","MOTOR-ESC","Motor and speed controller","FlightCritical","MU-029","COASTAL","Coastal Survey Base","2","11/10/2025 12:00:00 AM","173.1999","200.5344","200.0","200.0","86.60","100.27","0","1","1","1.1733","-0.5344","-0.46","12.0","GROUND_AND_REPLACE","4.5","405.00","0","Ground MU-029. Motor and speed controller at position 2 is at 100.27% of its stress interval while reading 86.60% on the hour meter."
"91","1072","BATT-PACK-00231","BATT-PACK","Main battery pack","FlightCritical","MU-022","COASTAL","Coastal Survey Base","1","4/10/2026 12:00:00 AM","96.7337","118.7168","120.0","120.0","80.61","98.93","0","0","0","1.2703","1.2832","1.01","8.0","ORDER_PART_NOW","0.0","405.00","0","Order a Main battery pack for MU-022. Projected to reach its stress limit in 1.01 flight hours against a 8.0 hour lead time."
"92","1234","BATT-PACK-00273","BATT-PACK","Main battery pack","FlightCritical","MU-025","HIGHLND","Highland Operations","2","6/29/2026 12:00:00 AM","53.5334","116.2643","120.0","120.0","44.61","96.89","0","0","0","2.1718","3.7357","1.72","8.0","ORDER_PART_NOW","0.0","405.00","0","Order a Main battery pack for MU-025. Projected to reach its stress limit in 1.72 flight hours against a 8.0 hour lead time."
"93","1334","BATT-PACK-00291","BATT-PACK","Main battery pack","FlightCritical","MU-027","HIGHLND","Highland Operations","2","7/9/2026 12:00:00 AM","58.4668","115.6889","120.0","120.0","48.72","96.41","0","0","0","1.9080","4.3111","2.26","8.0","ORDER_PART_NOW","0.0","405.00","0","Order a Main battery pack for MU-027. Projected to reach its stress limit in 2.26 flight hours against a 8.0 hour lead time."
"94","1055","ROTOR-ASSY-00376","ROTOR-ASSY","Rotor assembly and bearing","FlightCritical","MU-021","ACADEMY","Training Academy","1","3/11/2026 12:00:00 AM","78.6838","144.8719","150.0","150.0","52.46","96.58","0","0","0","1.9149","5.1281","2.68","18.0","ORDER_PART_NOW","0.0","405.00","0","Order a Rotor assembly and bearing for MU-021. Projected to reach its stress limit in 2.68 flight hours against a 18.0 hour lead time."
"95","1065","ROTOR-ASSY-00386","ROTOR-ASSY","Rotor assembly and bearing","FlightCritical","MU-021","ACADEMY","Training Academy","4","3/11/2026 12:00:00 AM","78.6838","144.8719","150.0","150.0","52.46","96.58","0","0","0","1.9149","5.1281","2.68","18.0","ORDER_PART_NOW","0.0","405.00","0","Order a Rotor assembly and bearing for MU-021. Projected to reach its stress limit in 2.68 flight hours against a 18.0 hour lead time."
"96","810","ROTOR-ASSY-00296","ROTOR-ASSY","Rotor assembly and bearing","FlightCritical","MU-016","PORT","Port Logistics Hub","4","6/6/2026 12:00:00 AM","75.1333","144.7524","150.0","150.0","50.09","96.50","0","0","0","1.9188","5.2476","2.73","18.0","ORDER_PART_NOW","0.0","405.00","0","Order a Rotor assembly and bearing for MU-016. Projected to reach its stress limit in 2.73 flight hours against a 18.0 hour lead time."
"97","549","ROTOR-ASSY-00195","ROTOR-ASSY","Rotor assembly and bearing","FlightCritical","MU-011","HIGHLND","Highland Operations","2","6/24/2026 12:00:00 AM","65.2332","143.0205","150.0","150.0","43.49","95.35","0","0","0","2.1761","6.9795","3.21","18.0","ORDER_PART_NOW","0.0","405.00","0","Order a Rotor assembly and bearing for MU-011. Projected to reach its stress limit in 3.21 flight hours against a 18.0 hour lead time."
"98","708","BATT-PACK-00160","BATT-PACK","Main battery pack","FlightCritical","MU-015","PORT","Port Logistics Hub","2","7/7/2026 12:00:00 AM","57.8334","112.4564","120.0","120.0","48.19","93.71","0","0","0","1.9216","7.5436","3.93","8.0","ORDER_PART_NOW","0.0","405.00","0","Order a Main battery pack for MU-015. Projected to reach its stress limit in 3.93 flight hours against a 8.0 hour lead time."
"99","336","ROTOR-ASSY-00120","ROTOR-ASSY","Rotor assembly and bearing","FlightCritical","MU-007","ACADEMY","Training Academy","1","3/14/2026 12:00:00 AM","79.1998","142.6207","150.0","150.0","52.80","95.08","0","0","0","1.7137","7.3793","4.31","18.0","ORDER_PART_NOW","0.0","405.00","0","Order a Rotor assembly and bearing for MU-007. Projected to reach its stress limit in 4.31 flight hours against a 18.0 hour lead time."
"100","1479","MOTOR-ESC-00406","MOTOR-ESC","Motor and speed controller","FlightCritical","MU-030","PORT","Port Logistics Hub","2","5/25/2026 12:00:00 AM","93.2499","190.7085","200.0","200.0","46.62","95.35","0","0","0","1.9627","9.2915","4.73","12.0","ORDER_PART_NOW","0.0","405.00","0","Order a Motor and speed controller for MU-030. Projected to reach its stress limit in 4.73 flight hours against a 12.0 hour lead time."
"101","1033","BATT-PACK-00222","BATT-PACK","Main battery pack","FlightCritical","MU-021","ACADEMY","Training Academy","1","5/6/2026 12:00:00 AM","58.3004","109.3051","120.0","120.0","48.58","91.09","0","0","0","1.9149","10.6949","5.59","8.0","ORDER_PART_NOW","0.0","405.00","0","Order a Main battery pack for MU-021. Projected to reach its stress limit in 5.59 flight hours against a 8.0 hour lead time."
"102","649","BATT-PACK-00141","BATT-PACK","Main battery pack","FlightCritical","MU-014","PORT","Port Logistics Hub","1","6/30/2026 12:00:00 AM","57.4667","108.9013","120.0","120.0","47.89","90.75","0","0","0","1.8671","11.0987","5.94","8.0","ORDER_PART_NOW","0.0","405.00","0","Order a Main battery pack for MU-014. Projected to reach its stress limit in 5.94 flight hours against a 8.0 hour lead time."
"103","655","BATT-PACK-00147","BATT-PACK","Main battery pack","FlightCritical","MU-014","PORT","Port Logistics Hub","2","6/30/2026 12:00:00 AM","57.4667","108.9013","120.0","120.0","47.89","90.75","0","0","0","1.8671","11.0987","5.94","8.0","ORDER_PART_NOW","0.0","405.00","0","Order a Main battery pack for MU-014. Projected to reach its stress limit in 5.94 flight hours against a 8.0 hour lead time."
"104","1494","ROTOR-ASSY-00536","ROTOR-ASSY","Rotor assembly and bearing","FlightCritical","MU-030","PORT","Port Logistics Hub","2","7/1/2026 12:00:00 AM","69.0001","138.2596","150.0","150.0","46.00","92.17","0","0","0","1.9627","11.7404","5.98","18.0","ORDER_PART_NOW","0.0","405.00","0","Order a Rotor assembly and bearing for MU-030. Projected to reach its stress limit in 5.98 flight hours against a 18.0 hour lead time."
"105","1380","BATT-PACK-00295","BATT-PACK","Main battery pack","FlightCritical","MU-028","ACADEMY","Training Academy","1","4/15/2026 12:00:00 AM","59.6000","106.7775","120.0","120.0","49.67","88.98","0","0","0","1.7297","13.2225","7.64","8.0","ORDER_PART_NOW","0.0","405.00","0","Order a Main battery pack for MU-028. Projected to reach its stress limit in 7.64 flight hours against a 8.0 hour lead time."
"106","302","ROTOR-ASSY-00108","ROTOR-ASSY","Rotor assembly and bearing","FlightCritical","MU-006","COASTAL","Coastal Survey Base","2","3/7/2026 12:00:00 AM","116.9335","139.1851","150.0","150.0","77.96","92.79","0","0","0","1.0800","10.8149","10.01","18.0","ORDER_PART_NOW","0.0","405.00","0","Order a Rotor assembly and bearing for MU-006. Projected to reach its stress limit in 10.01 flight hours against a 18.0 hour lead time."
"107","175","MOTOR-ESC-00043","MOTOR-ESC","Motor and speed controller","FlightCritical","MU-004","COASTAL","Coastal Survey Base","1","1/6/2026 12:00:00 AM","164.4330","188.2434","200.0","200.0","82.22","94.12","0","0","0","1.1001","11.7566","10.69","12.0","ORDER_PART_NOW","0.0","405.00","0","Order a Motor and speed controller for MU-004. Projected to reach its stress limit in 10.69 flight hours against a 12.0 hour lead time."
"108","178","MOTOR-ESC-00046","MOTOR-ESC","Motor and speed controller","FlightCritical","MU-004","COASTAL","Coastal Survey Base","2","1/6/2026 12:00:00 AM","164.4330","188.2434","200.0","200.0","82.22","94.12","0","0","0","1.1001","11.7566","10.69","12.0","ORDER_PART_NOW","0.0","405.00","0","Order a Motor and speed controller for MU-004. Projected to reach its stress limit in 10.69 flight hours against a 12.0 hour lead time."
"109","181","MOTOR-ESC-00049","MOTOR-ESC","Motor and speed controller","FlightCritical","MU-004","COASTAL","Coastal Survey Base","3","1/6/2026 12:00:00 AM","164.4330","188.2434","200.0","200.0","82.22","94.12","0","0","0","1.1001","11.7566","10.69","12.0","ORDER_PART_NOW","0.0","405.00","0","Order a Motor and speed controller for MU-004. Projected to reach its stress limit in 10.69 flight hours against a 12.0 hour lead time."
"110","184","MOTOR-ESC-00052","MOTOR-ESC","Motor and speed controller","FlightCritical","MU-004","COASTAL","Coastal Survey Base","4","1/6/2026 12:00:00 AM","164.4330","188.2434","200.0","200.0","82.22","94.12","0","0","0","1.1001","11.7566","10.69","12.0","ORDER_PART_NOW","0.0","405.00","0","Order a Motor and speed controller for MU-004. Projected to reach its stress limit in 10.69 flight hours against a 12.0 hour lead time."
"111","1014","ROTOR-ASSY-00359","ROTOR-ASSY","Rotor assembly and bearing","FlightCritical","MU-020","HIGHLND","Highland Operations","1","7/3/2026 12:00:00 AM","56.5997","124.6361","150.0","150.0","37.73","83.09","0","0","0","2.2582","25.3639","11.23","18.0","ORDER_PART_NOW","0.0","405.00","0","Order a Rotor assembly and bearing for MU-020. Projected to reach its stress limit in 11.23 flight hours against a 18.0 hour lead time."
"112","49","ROTOR-ASSY-00015","ROTOR-ASSY","Rotor assembly and bearing","FlightCritical","MU-001","PORT","Port Logistics Hub","3","6/29/2026 12:00:00 AM","56.6336","117.2555","150.0","150.0","37.76","78.17","0","0","0","2.0638","32.7445","15.87","18.0","ORDER_PART_NOW","0.0","405.00","0","Order a Rotor assembly and bearing for MU-001. Projected to reach its stress limit in 15.87 flight hours against a 18.0 hour lead time."
"113","104","ROTOR-ASSY-00031","ROTOR-ASSY","Rotor assembly and bearing","FlightCritical","MU-002","HIGHLND","Highland Operations","2","7/24/2026 12:00:00 AM","50.1499","113.4683","150.0","150.0","33.43","75.65","0","0","0","2.2807","36.5317","16.02","18.0","ORDER_PART_NOW","0.0","405.00","0","Order a Rotor assembly and bearing for MU-002. Projected to reach its stress limit in 16.02 flight hours against a 18.0 hour lead time."
"114","886","MOTOR-ESC-00249","MOTOR-ESC","Motor and speed controller","FlightCritical","MU-018","HIGHLND","Highland Operations","4","5/18/2026 12:00:00 AM","74.8835","163.2938","200.0","200.0","37.44","81.65","0","0","0","2.1969","36.7062","16.71","12.0","SCHEDULE_THIS_MONTH","4.5","409.50","0","Schedule MU-018 within the month. Motor and speed controller projected to reach its stress limit in 16.71 flight hours."
"115","162","BATT-PACK-00039","BATT-PACK","Main battery pack","FlightCritical","MU-004","COASTAL","Coastal Survey Base","1","5/20/2026 12:00:00 AM","88.4664","101.1466","120.0","120.0","73.72","84.29","0","0","0","1.1001","18.8534","17.14","8.0","SCHEDULE_THIS_MONTH","4.5","414.00","0","Schedule MU-004 within the month. Main battery pack projected to reach its stress limit in 17.14 flight hours."
"116","290","MOTOR-ESC-00080","MOTOR-ESC","Motor and speed controller","FlightCritical","MU-006","COASTAL","Coastal Survey Base","3","1/6/2026 12:00:00 AM","155.8503","180.8085","200.0","200.0","77.93","90.40","0","0","0","1.0800","19.1915","17.77","12.0","SCHEDULE_THIS_MONTH","4.5","418.50","0","Schedule MU-006 within the month. Motor and speed controller projected to reach its stress limit in 17.77 flight hours."
"117","293","MOTOR-ESC-00083","MOTOR-ESC","Motor and speed controller","FlightCritical","MU-006","COASTAL","Coastal Survey Base","4","1/6/2026 12:00:00 AM","155.8503","180.8085","200.0","200.0","77.93","90.40","0","0","0","1.0800","19.1915","17.77","12.0","SCHEDULE_THIS_MONTH","4.5","423.00","0","Schedule MU-006 within the month. Motor and speed controller projected to reach its stress limit in 17.77 flight hours."
"118","1059","ROTOR-ASSY-00380","ROTOR-ASSY","Rotor assembly and bearing","FlightCritical","MU-021","ACADEMY","Training Academy","2","4/27/2026 12:00:00 AM","62.3004","114.8080","150.0","150.0","41.53","76.54","0","0","0","1.9149","35.1920","18.38","18.0","SCHEDULE_THIS_MONTH","4.5","427.50","0","Schedule MU-021 within the month. Rotor assembly and bearing projected to reach its stress limit in 18.38 flight hours."
"119","188","ROTOR-ASSY-00061","ROTOR-ASSY","Rotor assembly and bearing","FlightCritical","MU-004","COASTAL","Coastal Survey Base","1","4/6/2026 12:00:00 AM","112.2831","128.2541","150.0","150.0","74.86","85.50","0","0","0","1.1001","21.7459","19.77","18.0","SCHEDULE_THIS_MONTH","4.5","432.00","0","Schedule MU-004 within the month. Rotor assembly and bearing projected to reach its stress limit in 19.77 flight hours."
"120","192","ROTOR-ASSY-00065","ROTOR-ASSY","Rotor assembly and bearing","FlightCritical","MU-004","COASTAL","Coastal Survey Base","2","4/6/2026 12:00:00 AM","112.2831","128.2541","150.0","150.0","74.86","85.50","0","0","0","1.1001","21.7459","19.77","18.0","SCHEDULE_THIS_MONTH","4.5","436.50","0","Schedule MU-004 within the month. Rotor assembly and bearing projected to reach its stress limit in 19.77 flight hours."
"121","759","BATT-PACK-00166","BATT-PACK","Main battery pack","FlightCritical","MU-016","PORT","Port Logistics Hub","1","7/11/2026 12:00:00 AM","43.4668","81.7112","120.0","120.0","36.22","68.09","0","0","0","1.9188","38.2888","19.95","8.0","SCHEDULE_THIS_MONTH","4.5","441.00","0","Schedule MU-016 within the month. Main battery pack projected to reach its stress limit in 19.95 flight hours."
"122","116","ROTOR-ASSY-00043","ROTOR-ASSY","Rotor assembly and bearing","FlightCritical","MU-002","HIGHLND","Highland Operations","4","7/29/2026 12:00:00 AM","45.2499","102.6564","150.0","150.0","30.17","68.44","0","0","0","2.2807","47.3436","20.76","18.0","SCHEDULE_THIS_MONTH","4.5","445.50","0","Schedule MU-002 within the month. Rotor assembly and bearing projected to reach its stress limit in 20.76 flight hours."
"123","1009","MOTOR-ESC-00282","MOTOR-ESC","Motor and speed controller","FlightCritical","MU-020","HIGHLND","Highland Operations","4","6/12/2026 12:00:00 AM","68.5165","150.9835","200.0","200.0","34.26","75.49","0","0","0","2.2582","49.0165","21.71","12.0","SCHEDULE_THIS_MONTH","4.5","450.00","0","Schedule MU-020 within the month. Motor and speed controller projected to reach its stress limit in 21.71 flight hours."
"124","938","MOTOR-ESC-00253","MOTOR-ESC","Motor and speed controller","FlightCritical","MU-019","PORT","Port Logistics Hub","1","5/23/2026 12:00:00 AM","81.0666","154.3881","200.0","200.0","40.53","77.19","0","0","0","1.8879","45.6119","24.16","12.0","SCHEDULE_THIS_MONTH","4.5","454.50","0","Schedule MU-019 within the month. Motor and speed controller projected to reach its stress limit in 24.16 flight hours."
"125","942","MOTOR-ESC-00257","MOTOR-ESC","Motor and speed controller","FlightCritical","MU-019","PORT","Port Logistics Hub","2","5/23/2026 12:00:00 AM","81.0666","154.3881","200.0","200.0","40.53","77.19","0","0","0","1.8879","45.6119","24.16","12.0","SCHEDULE_THIS_MONTH","4.5","459.00","0","Schedule MU-019 within the month. Motor and speed controller projected to reach its stress limit in 24.16 flight hours."
"126","1447","ROTOR-ASSY-00519","ROTOR-ASSY","Rotor assembly and bearing","FlightCritical","MU-029","COASTAL","Coastal Survey Base","2","4/15/2026 12:00:00 AM","101.3666","121.0620","150.0","150.0","67.58","80.71","0","0","0","1.1733","28.9380","24.66","18.0","SCHEDULE_THIS_MONTH","4.5","463.50","0","Schedule MU-029 within the month. Rotor assembly and bearing projected to reach its stress limit in 24.66 flight hours."
"127","70","BATT-PACK-00026","BATT-PACK","Main battery pack","FlightCritical","MU-002","HIGHLND","Highland Operations","2","8/20/2026 12:00:00 AM","26.8333","62.2549","120.0","120.0","22.36","51.88","0","0","0","2.2807","57.7451","25.32","8.0","SCHEDULE_THIS_MONTH","4.5","468.00","0","Schedule MU-002 within the month. Main battery pack projected to reach its stress limit in 25.32 flight hours."
"128","957","ROTOR-ASSY-00337","ROTOR-ASSY","Rotor assembly and bearing","FlightCritical","MU-019","PORT","Port Logistics Hub","1","7/10/2026 12:00:00 AM","53.0499","98.9016","150.0","150.0","35.37","65.93","0","0","0","1.8879","51.0984","27.07","18.0","SCHEDULE_THIS_MONTH","4.5","472.50","0","Schedule MU-019 within the month. Rotor assembly and bearing projected to reach its stress limit in 27.07 flight hours."
"129","1256","MOTOR-ESC-00348","MOTOR-ESC","Motor and speed controller","FlightCritical","MU-025","HIGHLND","Highland Operations","3","6/2/2026 12:00:00 AM","65.2001","140.2106","200.0","200.0","32.60","70.11","0","0","0","2.1718","59.7894","27.53","12.0","SCHEDULE_THIS_MONTH","4.5","477.00","0","Schedule MU-025 within the month. Motor and speed controller projected to reach its stress limit in 27.53 flight hours."
"130","570","BATT-PACK-00126","BATT-PACK","Main battery pack","FlightCritical","MU-012","COASTAL","Coastal Survey Base","2","6/18/2026 12:00:00 AM","76.2664","89.6408","120.0","120.0","63.56","74.70","0","0","0","1.0819","30.3592","28.06","8.0","SCHEDULE_THIS_MONTH","4.5","481.50","0","Schedule MU-012 within the month. Main battery pack projected to reach its stress limit in 28.06 flight hours."
"131","333","MOTOR-ESC-00093","MOTOR-ESC","Motor and speed controller","FlightCritical","MU-007","ACADEMY","Training Academy","4","2/27/2026 12:00:00 AM","83.8332","151.4936","200.0","200.0","41.92","75.75","0","0","0","1.7137","48.5064","28.31","12.0","SCHEDULE_THIS_MONTH","4.5","486.00","0","Schedule MU-007 within the month. Motor and speed controller projected to reach its stress limit in 28.31 flight hours."
"132","1499","ROTOR-ASSY-00541","ROTOR-ASSY","Rotor assembly and bearing","FlightCritical","MU-030","PORT","Port Logistics Hub","3","7/30/2026 12:00:00 AM","47.6334","94.1488","150.0","150.0","31.76","62.77","0","0","0","1.9627","55.8512","28.46","18.0","SCHEDULE_THIS_MONTH","4.5","490.50","0","Schedule MU-030 within the month. Rotor assembly and bearing projected to reach its stress limit in 28.46 flight hours."
"133","306","ROTOR-ASSY-00112","ROTOR-ASSY","Rotor assembly and bearing","FlightCritical","MU-006","COASTAL","Coastal Survey Base","3","4/8/2026 12:00:00 AM","103.8334","118.8330","150.0","150.0","69.22","79.22","0","0","0","1.0800","31.1670","28.86","18.0","SCHEDULE_THIS_MONTH","4.5","495.00","0","Schedule MU-006 within the month. Rotor assembly and bearing projected to reach its stress limit in 28.86 flight hours."
"134","1404","ROTOR-ASSY-00508","ROTOR-ASSY","Rotor assembly and bearing","FlightCritical","MU-028","ACADEMY","Training Academy","3","4/27/2026 12:00:00 AM","55.9166","99.4043","150.0","150.0","37.28","66.27","0","0","0","1.7297","50.5957","29.25","18.0","SCHEDULE_THIS_MONTH","4.5","499.50","0","Schedule MU-028 within the month. Rotor assembly and bearing projected to reach its stress limit in 29.25 flight hours."
"135","110","ROTOR-ASSY-00037","ROTOR-ASSY","Rotor assembly and bearing","FlightCritical","MU-002","HIGHLND","Highland Operations","3","8/8/2026 12:00:00 AM","36.0166","82.8922","150.0","150.0","24.01","55.26","0","0","0","2.2807","67.1078","29.42","18.0","SCHEDULE_THIS_MONTH","4.5","504.00","0","Schedule MU-002 within the month. Rotor assembly and bearing projected to reach its stress limit in 29.42 flight hours."
"136","909","ROTOR-ASSY-00331","ROTOR-ASSY","Rotor assembly and bearing","FlightCritical","MU-018","HIGHLND","Highland Operations","4","7/23/2026 12:00:00 AM","37.6333","84.1187","150.0","150.0","25.09","56.08","0","0","0","2.1969","65.8813","29.99","18.0","SCHEDULE_THIS_MONTH","4.5","508.50","0","Schedule MU-018 within the month. Rotor assembly and bearing projected to reach its stress limit in 29.99 flight hours."
"137","702","BATT-PACK-00154","BATT-PACK","Main battery pack","FlightCritical","MU-015","PORT","Port Logistics Hub","1","8/14/2026 12:00:00 AM","31.2168","60.6107","120.0","120.0","26.01","50.51","0","0","0","1.9216","59.3893","30.91","8.0","SCHEDULE_THIS_MONTH","4.5","513.00","0","Schedule MU-015 within the month. Main battery pack projected to reach its stress limit in 30.91 flight hours."
"138","269","BATT-PACK-00060","BATT-PACK","Main battery pack","FlightCritical","MU-006","COASTAL","Coastal Survey Base","1","5/27/2026 12:00:00 AM","76.3669","86.1251","120.0","120.0","63.64","71.77","0","0","0","1.0800","33.8749","31.37","8.0","SCHEDULE_THIS_MONTH","4.5","517.50","0","Schedule MU-006 within the month. Main battery pack projected to reach its stress limit in 31.37 flight hours."
"139","1290","BATT-PACK-00277","BATT-PACK","Main battery pack","FlightCritical","MU-026","ACADEMY","Training Academy","1","7/2/2026 12:00:00 AM","30.1503","58.7842","120.0","120.0","25.13","48.99","0","0","0","1.9301","61.2158","31.72","8.0","SCHEDULE_THIS_MONTH","4.5","522.00","0","Schedule MU-026 within the month. Main battery pack projected to reach its stress limit in 31.72 flight hours."
"140","751","ROTOR-ASSY-00273","ROTOR-ASSY","Rotor assembly and bearing","FlightCritical","MU-015","PORT","Port Logistics Hub","4","7/24/2026 12:00:00 AM","45.9001","88.3690","150.0","150.0","30.60","58.91","0","0","0","1.9216","61.6310","32.07","18.0","SCHEDULE_THIS_MONTH","4.5","526.50","0","Schedule MU-015 within the month. Rotor assembly and bearing projected to reach its stress limit in 32.07 flight hours."
"141","44","ROTOR-ASSY-00010","ROTOR-ASSY","Rotor assembly and bearing","FlightCritical","MU-001","PORT","Port Logistics Hub","2","8/1/2026 12:00:00 AM","39.6002","83.1817","150.0","150.0","26.40","55.45","0","0","0","2.0638","66.8183","32.38","18.0","SCHEDULE_THIS_MONTH","4.5","531.00","0","Schedule MU-001 within the month. Rotor assembly and bearing projected to reach its stress limit in 32.38 flight hours."
"142","256","ROTOR-ASSY-00093","ROTOR-ASSY","Rotor assembly and bearing","FlightCritical","MU-005","PORT","Port Logistics Hub","3","7/14/2026 12:00:00 AM","46.5332","87.9927","150.0","150.0","31.02","58.66","0","0","0","1.9127","62.0073","32.42","18.0","SCHEDULE_THIS_MONTH","4.5","535.50","0","Schedule MU-005 within the month. Rotor assembly and bearing projected to reach its stress limit in 32.42 flight hours."
"143","591","ROTOR-ASSY-00208","ROTOR-ASSY","Rotor assembly and bearing","FlightCritical","MU-012","COASTAL","Coastal Survey Base","1","5/13/2026 12:00:00 AM","97.1664","114.3230","150.0","150.0","64.78","76.22","0","0","0","1.0819","35.6770","32.98","18.0","SCHEDULE_THIS_MONTH","4.5","540.00","0","Schedule MU-012 within the month. Rotor assembly and bearing projected to reach its stress limit in 32.98 flight hours."
"144","595","ROTOR-ASSY-00212","ROTOR-ASSY","Rotor assembly and bearing","FlightCritical","MU-012","COASTAL","Coastal Survey Base","2","5/13/2026 12:00:00 AM","97.1664","114.3230","150.0","150.0","64.78","76.22","0","0","0","1.0819","35.6770","32.98","18.0","SCHEDULE_THIS_MONTH","4.5","544.50","0","Schedule MU-012 within the month. Rotor assembly and bearing projected to reach its stress limit in 32.98 flight hours."
"145","274","BATT-PACK-00065","BATT-PACK","Main battery pack","FlightCritical","MU-006","COASTAL","Coastal Survey Base","2","5/28/2026 12:00:00 AM","74.2502","83.9884","120.0","120.0","61.88","69.99","0","0","0","1.0800","36.0116","33.34","8.0","SCHEDULE_THIS_MONTH","4.5","549.00","0","Schedule MU-006 within the month. Main battery pack projected to reach its stress limit in 33.34 flight hours."
"146","1208","ROTOR-ASSY-00431","ROTOR-ASSY","Rotor assembly and bearing","FlightCritical","MU-024","COASTAL","Coastal Survey Base","2","4/8/2026 12:00:00 AM","102.1502","113.9931","150.0","150.0","68.10","76.00","0","0","0","1.0798","36.0069","33.35","18.0","SCHEDULE_THIS_MONTH","4.5","553.50","0","Schedule MU-024 within the month. Rotor assembly and bearing projected to reach its stress limit in 33.35 flight hours."
"147","1311","ROTOR-ASSY-00469","ROTOR-ASSY","Rotor assembly and bearing","FlightCritical","MU-026","ACADEMY","Training Academy","1","5/29/2026 12:00:00 AM","42.2336","83.9673","150.0","150.0","28.16","55.98","0","0","0","1.9301","66.0327","34.21","18.0","SCHEDULE_THIS_MONTH","4.5","558.00","0","Schedule MU-026 within the month. Rotor assembly and bearing projected to reach its stress limit in 34.21 flight hours."
"148","1490","ROTOR-ASSY-00532","ROTOR-ASSY","Rotor assembly and bearing","FlightCritical","MU-030","PORT","Port Logistics Hub","1","8/13/2026 12:00:00 AM","40.1500","79.2297","150.0","150.0","26.77","52.82","0","0","0","1.9627","70.7703","36.06","18.0","SCHEDULE_THIS_MONTH","4.5","562.50","0","Schedule MU-030 within the month. Rotor assembly and bearing projected to reach its stress limit in 36.06 flight hours."
"149","431","MOTOR-ESC-00118","MOTOR-ESC","Motor and speed controller","FlightCritical","MU-009","COASTAL","Coastal Survey Base","2","3/14/2026 12:00:00 AM","127.4502","155.1039","200.0","200.0","63.73","77.55","0","0","0","1.1930","44.8961","37.63","12.0","SCHEDULE_THIS_MONTH","4.5","567.00","0","Schedule MU-009 within the month. Motor and speed controller projected to reach its stress limit in 37.63 flight hours."
"150","719","MOTOR-ESC-00195","MOTOR-ESC","Motor and speed controller","FlightCritical","MU-015","PORT","Port Logistics Hub","1","6/29/2026 12:00:00 AM","65.3167","127.5546","200.0","200.0","32.66","63.78","0","0","0","1.9216","72.4454","37.70","12.0","SCHEDULE_THIS_MONTH","4.5","571.50","0","Schedule MU-015 within the month. Motor and speed controller projected to reach its stress limit in 37.70 flight hours."
"151","81","MOTOR-ESC-00018","MOTOR-ESC","Motor and speed controller","FlightCritical","MU-002","HIGHLND","Highland Operations","1","7/24/2026 12:00:00 AM","50.1499","113.4683","200.0","200.0","25.07","56.73","0","0","0","2.2807","86.5317","37.94","12.0","SCHEDULE_THIS_MONTH","4.5","576.00","0","Schedule MU-002 within the month. Motor and speed controller projected to reach its stress limit in 37.94 flight hours."
"152","89","MOTOR-ESC-00026","MOTOR-ESC","Motor and speed controller","FlightCritical","MU-002","HIGHLND","Highland Operations","3","7/24/2026 12:00:00 AM","50.1499","113.4683","200.0","200.0","25.07","56.73","0","0","0","2.2807","86.5317","37.94","12.0","SCHEDULE_THIS_MONTH","4.5","580.50","0","Schedule MU-002 within the month. Motor and speed controller projected to reach its stress limit in 37.94 flight hours."
"153","1266","ROTOR-ASSY-00447","ROTOR-ASSY","Rotor assembly and bearing","FlightCritical","MU-025","HIGHLND","Highland Operations","1","7/29/2026 12:00:00 AM","28.9833","66.1686","150.0","150.0","19.32","44.11","0","0","0","2.1718","83.8314","38.60","18.0","SCHEDULE_THIS_MONTH","4.5","585.00","0","Schedule MU-025 within the month. Rotor assembly and bearing projected to reach its stress limit in 38.60 flight hours."
"154","1284","ROTOR-ASSY-00465","ROTOR-ASSY","Rotor assembly and bearing","FlightCritical","MU-025","HIGHLND","Highland Operations","4","7/29/2026 12:00:00 AM","28.9833","66.1686","150.0","150.0","19.32","44.11","0","0","0","2.1718","83.8314","38.60","18.0","SCHEDULE_THIS_MONTH","4.5","589.50","0","Schedule MU-025 within the month. Rotor assembly and bearing projected to reach its stress limit in 38.60 flight hours."
"155","578","MOTOR-ESC-00158","MOTOR-ESC","Motor and speed controller","FlightCritical","MU-012","COASTAL","Coastal Survey Base","1","2/23/2026 12:00:00 AM","132.7830","157.8001","200.0","200.0","66.39","78.90","0","0","0","1.0819","42.1999","39.01","12.0","SCHEDULE_THIS_MONTH","4.5","594.00","0","Schedule MU-012 within the month. Motor and speed controller projected to reach its stress limit in 39.01 flight hours."
"156","584","MOTOR-ESC-00164","MOTOR-ESC","Motor and speed controller","FlightCritical","MU-012","COASTAL","Coastal Survey Base","3","2/23/2026 12:00:00 AM","132.7830","157.8001","200.0","200.0","66.39","78.90","0","0","0","1.0819","42.1999","39.01","12.0","SCHEDULE_THIS_MONTH","4.5","598.50","0","Schedule MU-012 within the month. Motor and speed controller projected to reach its stress limit in 39.01 flight hours."
"157","587","MOTOR-ESC-00167","MOTOR-ESC","Motor and speed controller","FlightCritical","MU-012","COASTAL","Coastal Survey Base","4","2/23/2026 12:00:00 AM","132.7830","157.8001","200.0","200.0","66.39","78.90","0","0","0","1.0819","42.1999","39.01","12.0","SCHEDULE_THIS_MONTH","4.5","603.00","0","Schedule MU-012 within the month. Motor and speed controller projected to reach its stress limit in 39.01 flight hours."
"158","920","BATT-PACK-00201","BATT-PACK","Main battery pack","FlightCritical","MU-019","PORT","Port Logistics Hub","1","8/21/2026 12:00:00 AM","26.2333","44.9234","120.0","120.0","21.86","37.44","0","0","0","1.8879","75.0766","39.77","8.0","SCHEDULE_THIS_MONTH","4.5","607.50","0","Schedule MU-019 within the month. Main battery pack projected to reach its stress limit in 39.77 flight hours."
"159","599","ROTOR-ASSY-00216","ROTOR-ASSY","Rotor assembly and bearing","FlightCritical","MU-012","COASTAL","Coastal Survey Base","3","5/23/2026 12:00:00 AM","92.0997","106.9351","150.0","150.0","61.40","71.29","0","0","0","1.0819","43.0649","39.80","18.0","SCHEDULE_THIS_MONTH","4.5","612.00","0","Schedule MU-012 within the month. Rotor assembly and bearing projected to reach its stress limit in 39.80 flight hours."
"160","1029","AIRDATA-00042","AIRDATA","Air data and pitot module","MissionCritical","MU-021","ACADEMY","Training Academy","1","1/8/2024 12:00:00 AM","380.1999","712.3306","400.0","400.0","95.05","178.08","0","1","1","1.9149","-312.3306","-163.11","6.0","REPLACE_AT_NEXT_SLOT","2.5","614.50","0","Book MU-021 for Air data and pitot module replacement. Past its stress interval; not flight-critical, so it can wait for a slot."
"161","1336","GIMBAL-00068","GIMBAL","Payload gimbal","MissionCritical","MU-027","HIGHLND","Highland Operations","1","9/3/2025 12:00:00 AM","282.0500","588.2364","300.0","300.0","94.02","196.08","0","1","1","1.9080","-288.2364","-151.07","24.0","REPLACE_AT_NEXT_SLOT","2.5","617.00","0","Book MU-027 for Payload gimbal replacement. Past its stress interval; not flight-critical, so it can wait for a slot."
"162","312","AIRDATA-00013","AIRDATA","Air data and pitot module","MissionCritical","MU-007","ACADEMY","Training Academy","1","5/10/2024 12:00:00 AM","337.9662","628.6641","400.0","400.0","84.49","157.17","0","1","1","1.7137","-228.6641","-133.43","6.0","REPLACE_AT_NEXT_SLOT","2.5","619.50","0","Book MU-007 for Air data and pitot module replacement. Past its stress interval; not flight-critical, so it can wait for a slot."
"163","56","AIRDATA-00004","AIRDATA","Air data and pitot module","MissionCritical","MU-002","HIGHLND","Highland Operations","1","7/30/2025 12:00:00 AM","285.5001","626.4798","400.0","400.0","71.38","156.62","0","1","1","2.2807","-226.4798","-99.30","6.0","REPLACE_AT_NEXT_SLOT","2.5","622.00","0","Book MU-002 for Air data and pitot module replacement. Past its stress interval; not flight-critical, so it can wait for a slot."
"164","521","GIMBAL-00028","GIMBAL","Payload gimbal","MissionCritical","MU-011","HIGHLND","Highland Operations","1","9/8/2025 12:00:00 AM","242.0667","516.5486","300.0","300.0","80.69","172.18","0","1","1","2.1761","-216.5486","-99.51","24.0","REPLACE_AT_NEXT_SLOT","2.5","624.50","0","Book MU-011 for Payload gimbal replacement. Past its stress interval; not flight-critical, so it can wait for a slot."
"165","657","GIMBAL-00034","GIMBAL","Payload gimbal","MissionCritical","MU-014","PORT","Port Logistics Hub","1","9/22/2025 12:00:00 AM","248.2503","496.0759","300.0","300.0","82.75","165.36","0","1","1","1.8671","-196.0759","-105.02","24.0","REPLACE_AT_NEXT_SLOT","2.5","627.00","0","Book MU-014 for Payload gimbal replacement. Past its stress interval; not flight-critical, so it can wait for a slot."
"166","1376","AIRDATA-00056","AIRDATA","Air data and pitot module","MissionCritical","MU-028","ACADEMY","Training Academy","1","7/1/2024 12:00:00 AM","315.3168","578.9008","400.0","400.0","78.83","144.73","0","1","1","1.7297","-178.9008","-103.43","6.0","REPLACE_AT_NEXT_SLOT","2.5","629.50","0","Book MU-028 for Air data and pitot module replacement. Past its stress interval; not flight-critical, so it can wait for a slot."
"167","1470","GIMBAL-00075","GIMBAL","Payload gimbal","MissionCritical","MU-030","PORT","Port Logistics Hub","1","12/25/2025 12:00:00 AM","193.3667","395.8284","300.0","300.0","64.46","131.94","0","1","1","1.9627","-95.8284","-48.82","24.0","REPLACE_AT_NEXT_SLOT","2.5","632.00","0","Book MU-030 for Payload gimbal replacement. Past its stress interval; not flight-critical, so it can wait for a slot."
"168","17","GIMBAL-00004","GIMBAL","Payload gimbal","MissionCritical","MU-001","PORT","Port Logistics Hub","1","12/31/2025 12:00:00 AM","184.0339","369.0321","300.0","300.0","61.34","123.01","0","1","1","2.0638","-69.0321","-33.45","24.0","REPLACE_AT_NEXT_SLOT","2.5","634.50","0","Book MU-001 for Payload gimbal replacement. Past its stress interval; not flight-critical, so it can wait for a slot."
"169","1127","GIMBAL-00058","GIMBAL","Payload gimbal","MissionCritical","MU-023","COASTAL","Coastal Survey Base","1","5/5/2025 12:00:00 AM","297.0004","364.5200","300.0","300.0","99.00","121.51","0","1","1","1.2827","-64.5200","-50.30","24.0","REPLACE_AT_NEXT_SLOT","2.5","637.00","0","Book MU-023 for Payload gimbal replacement. Past its stress interval; not flight-critical, so it can wait for a slot."
"170","218","GIMBAL-00014","GIMBAL","Payload gimbal","MissionCritical","MU-005","PORT","Port Logistics Hub","1","1/12/2026 12:00:00 AM","168.7665","341.6532","300.0","300.0","56.26","113.88","0","1","1","1.9127","-41.6532","-21.78","24.0","REPLACE_AT_NEXT_SLOT","2.5","639.50","0","Book MU-005 for Payload gimbal replacement. Past its stress interval; not flight-critical, so it can wait for a slot."
"171","1080","GIMBAL-00056","GIMBAL","Payload gimbal","MissionCritical","MU-022","COASTAL","Coastal Survey Base","1","6/12/2025 12:00:00 AM","282.5834","341.0354","300.0","300.0","94.19","113.68","0","1","1","1.2703","-41.0354","-32.30","24.0","REPLACE_AT_NEXT_SLOT","2.5","642.00","0","Book MU-022 for Payload gimbal replacement. Past its stress interval; not flight-critical, so it can wait for a slot."
"172","753","AIRDATA-00031","AIRDATA","Air data and pitot module","MissionCritical","MU-016","PORT","Port Logistics Hub","1","11/28/2025 12:00:00 AM","219.9000","435.8772","400.0","400.0","54.98","108.97","0","1","1","1.9188","-35.8772","-18.70","6.0","REPLACE_AT_NEXT_SLOT","2.5","644.50","0","Book MU-016 for Air data and pitot module replacement. Past its stress interval; not flight-critical, so it can wait for a slot."
"173","204","AIRDATA-00010","AIRDATA","Air data and pitot module","MissionCritical","MU-005","PORT","Port Logistics Hub","1","11/19/2025 12:00:00 AM","204.4998","414.1338","400.0","400.0","51.12","103.53","0","1","1","1.9127","-14.1338","-7.39","6.0","REPLACE_AT_NEXT_SLOT","2.5","647.00","0","Book MU-005 for Air data and pitot module replacement. Past its stress interval; not flight-critical, so it can wait for a slot."
"174","276","GIMBAL-00016","GIMBAL","Payload gimbal","MissionCritical","MU-006","COASTAL","Coastal Survey Base","1","7/19/2025 12:00:00 AM","256.4332","305.1845","300.0","300.0","85.48","101.73","0","1","1","1.0800","-5.1845","-4.80","24.0","REPLACE_AT_NEXT_SLOT","2.5","649.50","0","Book MU-006 for Payload gimbal replacement. Past its stress interval; not flight-critical, so it can wait for a slot."
"175","169","GIMBAL-00011","GIMBAL","Payload gimbal","MissionCritical","MU-004","COASTAL","Coastal Survey Base","1","8/22/2025 12:00:00 AM","263.7661","302.8475","300.0","300.0","87.92","100.95","0","1","1","1.1001","-2.8475","-2.59","24.0","REPLACE_AT_NEXT_SLOT","2.5","652.00","0","Book MU-004 for Payload gimbal replacement. Past its stress interval; not flight-critical, so it can wait for a slot."
"176","347","AIRDATA-00015","AIRDATA","Air data and pitot module","MissionCritical","MU-008","HIGHLND","Highland Operations","1","11/28/2025 12:00:00 AM","186.2996","402.1619","400.0","400.0","46.57","100.54","0","1","1","2.3105","-2.1619","-0.94","6.0","REPLACE_AT_NEXT_SLOT","2.5","654.50","0","Book MU-008 for Air data and pitot module replacement. Past its stress interval; not flight-critical, so it can wait for a slot."
"177","848","AIRDATA-00035","AIRDATA","Air data and pitot module","MissionCritical","MU-018","HIGHLND","Highland Operations","1","12/26/2025 12:00:00 AM","165.3671","357.5495","400.0","400.0","41.34","89.39","0","0","0","2.1969","42.4505","19.32","6.0","SCHEDULE_THIS_MONTH","2.5","657.00","0","Schedule MU-018 within the month. Air data and pitot module projected to reach its stress limit in 19.32 flight hours."
"178","572","GIMBAL-00030","GIMBAL","Payload gimbal","MissionCritical","MU-012","COASTAL","Coastal Survey Base","1","9/18/2025 12:00:00 AM","234.9165","277.4795","300.0","300.0","78.31","92.49","0","0","0","1.0819","22.5205","20.82","24.0","ORDER_PART_NOW","0.0","657.00","0","Order a Payload gimbal for MU-012. Projected to reach its stress limit in 20.82 flight hours against a 24.0 hour lead time."
"179","695","AIRDATA-00029","AIRDATA","Air data and pitot module","MissionCritical","MU-015","PORT","Port Logistics Hub","1","1/17/2026 12:00:00 AM","178.9165","351.3893","400.0","400.0","44.73","87.85","0","0","0","1.9216","48.6107","25.30","6.0","SCHEDULE_THIS_MONTH","2.5","659.50","0","Schedule MU-015 within the month. Air data and pitot module projected to reach its stress limit in 25.30 flight hours."
"180","1","AIRDATA-00002","AIRDATA","Air data and pitot module","MissionCritical","MU-001","PORT","Port Logistics Hub","1","1/19/2026 12:00:00 AM","173.0506","347.6434","400.0","400.0","43.26","86.91","0","0","0","2.0638","52.3566","25.37","6.0","SCHEDULE_THIS_MONTH","2.5","662.00","0","Schedule MU-001 within the month. Air data and pitot module projected to reach its stress limit in 25.37 flight hours."
"181","976","AIRDATA-00041","AIRDATA","Air data and pitot module","MissionCritical","MU-020","HIGHLND","Highland Operations","1","1/29/2026 12:00:00 AM","159.4829","339.1374","400.0","400.0","39.87","84.78","0","0","0","2.2582","60.8626","26.95","6.0","SCHEDULE_THIS_MONTH","2.5","664.50","0","Schedule MU-020 within the month. Air data and pitot module projected to reach its stress limit in 26.95 flight hours."
"182","715","LANDGEAR-00046","LANDGEAR","Landing gear assembly","Degraded","MU-015","PORT","Port Logistics Hub","1","1/15/2026 12:00:00 AM","182.7165","360.0029","250.0","250.0","73.09","144.00","0","1","1","1.9216","-110.0029","-57.25","4.0","REPLACE_AT_NEXT_SLOT","1.5","666.00","0","Book MU-015 for Landing gear assembly replacement. Past its stress interval; not flight-critical, so it can wait for a slot."
"183","771","LANDGEAR-00049","LANDGEAR","Landing gear assembly","Degraded","MU-016","PORT","Port Logistics Hub","1","1/20/2026 12:00:00 AM","182.1000","358.3421","250.0","250.0","72.84","143.34","0","1","1","1.9188","-108.3421","-56.46","4.0","REPLACE_AT_NEXT_SLOT","1.5","667.50","0","Book MU-016 for Landing gear assembly replacement. Past its stress interval; not flight-critical, so it can wait for a slot."
"184","1042","LANDGEAR-00066","LANDGEAR","Landing gear assembly","Degraded","MU-021","ACADEMY","Training Academy","1","6/12/2025 12:00:00 AM","185.1667","346.6550","250.0","250.0","74.07","138.66","0","1","1","1.9149","-96.6550","-50.48","4.0","REPLACE_AT_NEXT_SLOT","1.5","669.00","0","Book MU-021 for Landing gear assembly replacement. Past its stress interval; not flight-critical, so it can wait for a slot."
"185","221","LANDGEAR-00016","LANDGEAR","Landing gear assembly","Degraded","MU-005","PORT","Port Logistics Hub","1","1/16/2026 12:00:00 AM","164.7832","335.2502","250.0","250.0","65.91","134.10","0","1","1","1.9127","-85.2502","-44.57","4.0","REPLACE_AT_NEXT_SLOT","1.5","670.50","0","Book MU-005 for Landing gear assembly replacement. Past its stress interval; not flight-critical, so it can wait for a slot."
"186","1297","LANDGEAR-00082","LANDGEAR","Landing gear assembly","Degraded","MU-026","ACADEMY","Training Academy","1","8/8/2025 12:00:00 AM","169.5337","319.9060","250.0","250.0","67.81","127.96","0","1","1","1.9301","-69.9060","-36.22","4.0","REPLACE_AT_NEXT_SLOT","1.5","672.00","0","Book MU-026 for Landing gear assembly replacement. Past its stress interval; not flight-critical, so it can wait for a slot."
"187","77","LANDGEAR-00007","LANDGEAR","Landing gear assembly","Degraded","MU-002","HIGHLND","Highland Operations","1","3/7/2026 12:00:00 AM","136.9167","311.4790","250.0","250.0","54.77","124.59","0","1","1","2.2807","-61.4790","-26.96","4.0","REPLACE_AT_NEXT_SLOT","1.5","673.50","0","Book MU-002 for Landing gear assembly replacement. Past its stress interval; not flight-critical, so it can wait for a slot."
"188","1473","LANDGEAR-00093","LANDGEAR","Landing gear assembly","Degraded","MU-030","PORT","Port Logistics Hub","1","3/13/2026 12:00:00 AM","135.2667","275.2786","250.0","250.0","54.11","110.11","0","1","1","1.9627","-25.2786","-12.88","4.0","REPLACE_AT_NEXT_SLOT","1.5","675.00","0","Book MU-030 for Landing gear assembly replacement. Past its stress interval; not flight-critical, so it can wait for a slot."
"189","20","LANDGEAR-00003","LANDGEAR","Landing gear assembly","Degraded","MU-001","PORT","Port Logistics Hub","1","3/17/2026 12:00:00 AM","131.1171","271.7515","250.0","250.0","52.45","108.70","0","1","1","2.0638","-21.7515","-10.54","4.0","REPLACE_AT_NEXT_SLOT","1.5","676.50","0","Book MU-001 for Landing gear assembly replacement. Past its stress interval; not flight-critical, so it can wait for a slot."
"190","1083","LANDGEAR-00069","LANDGEAR","Landing gear assembly","Degraded","MU-022","COASTAL","Coastal Survey Base","1","10/24/2025 12:00:00 AM","203.3836","248.0251","250.0","250.0","81.35","99.21","0","0","0","1.2703","1.9749","1.55","4.0","ORDER_PART_NOW","0.0","676.50","0","Order a Landing gear assembly for MU-022. Projected to reach its stress limit in 1.55 flight hours against a 4.0 hour lead time."
"191","1519","LANDGEAR-00095","LANDGEAR","Landing gear assembly","Degraded","MU-031","COASTAL","Coastal Survey Base","1","10/23/2025 12:00:00 AM","203.2167","240.0848","250.0","250.0","81.29","96.03","0","0","0","1.1562","9.9152","8.58","4.0","SCHEDULE_THIS_MONTH","1.5","678.00","0","Schedule MU-031 within the month. Landing gear assembly projected to reach its stress limit in 8.58 flight hours."
"192","365","LANDGEAR-00025","LANDGEAR","Landing gear assembly","Degraded","MU-008","HIGHLND","Highland Operations","1","4/22/2026 12:00:00 AM","102.3497","227.5985","250.0","250.0","40.94","91.04","0","0","0","2.3105","22.4015","9.70","4.0","SCHEDULE_THIS_MONTH","1.5","679.50","0","Schedule MU-008 within the month. Landing gear assembly projected to reach its stress limit in 9.70 flight hours."
"193","660","LANDGEAR-00043","LANDGEAR","Landing gear assembly","Degraded","MU-014","PORT","Port Logistics Hub","1","5/14/2026 12:00:00 AM","101.2167","201.7365","250.0","250.0","40.49","80.69","0","0","0","1.8671","48.2635","25.85","4.0","SCHEDULE_THIS_MONTH","1.5","681.00","0","Schedule MU-014 within the month. Landing gear assembly projected to reach its stress limit in 25.85 flight hours."
"194","934","LANDGEAR-00059","LANDGEAR","Landing gear assembly","Degraded","MU-019","PORT","Port Logistics Hub","1","4/20/2026 12:00:00 AM","97.4333","183.5789","250.0","250.0","38.97","73.43","0","0","0","1.8879","66.4211","35.18","4.0","SCHEDULE_THIS_MONTH","1.5","682.50","0","Schedule MU-019 within the month. Landing gear assembly projected to reach its stress limit in 35.18 flight hours."
