"MonthEndDate","MetricName","MetricValue"
"10/31/2024 12:00:00 AM","HourCompliancePct","99.50"
"10/31/2024 12:00:00 AM","OverdueFlightCritical","109.00"
"10/31/2024 12:00:00 AM","StressCompliancePct","69.92"
"10/31/2024 12:00:00 AM","UnscheduledRatePct","57.14"
"11/30/2024 12:00:00 AM","HourCompliancePct","100.00"
"11/30/2024 12:00:00 AM","OverdueFlightCritical","94.00"
"11/30/2024 12:00:00 AM","StressCompliancePct","71.93"
"11/30/2024 12:00:00 AM","UnscheduledRatePct","48.54"
"12/31/2024 12:00:00 AM","HourCompliancePct","100.00"
"12/31/2024 12:00:00 AM","OverdueFlightCritical","106.00"
"12/31/2024 12:00:00 AM","StressCompliancePct","68.09"
"12/31/2024 12:00:00 AM","UnscheduledRatePct","48.33"
"1/31/2025 12:00:00 AM","HourCompliancePct","99.00"
"1/31/2025 12:00:00 AM","OverdueFlightCritical","98.00"
"1/31/2025 12:00:00 AM","StressCompliancePct","69.17"
"1/31/2025 12:00:00 AM","UnscheduledRatePct","45.00"
"2/28/2025 12:00:00 AM","HourCompliancePct","100.00"
"2/28/2025 12:00:00 AM","OverdueFlightCritical","104.00"
"2/28/2025 12:00:00 AM","StressCompliancePct","66.67"
"2/28/2025 12:00:00 AM","UnscheduledRatePct","44.25"
"3/31/2025 12:00:00 AM","HourCompliancePct","100.00"
"3/31/2025 12:00:00 AM","OverdueFlightCritical","115.00"
"3/31/2025 12:00:00 AM","StressCompliancePct","62.75"
"3/31/2025 12:00:00 AM","UnscheduledRatePct","42.86"
"4/30/2025 12:00:00 AM","HourCompliancePct","100.00"
"4/30/2025 12:00:00 AM","OverdueFlightCritical","114.00"
"4/30/2025 12:00:00 AM","StressCompliancePct","61.85"
"4/30/2025 12:00:00 AM","UnscheduledRatePct","40.32"
"5/31/2025 12:00:00 AM","HourCompliancePct","100.00"
"5/31/2025 12:00:00 AM","OverdueFlightCritical","109.00"
"5/31/2025 12:00:00 AM","StressCompliancePct","63.00"
"5/31/2025 12:00:00 AM","UnscheduledRatePct","39.04"
"6/30/2025 12:00:00 AM","HourCompliancePct","100.00"
"6/30/2025 12:00:00 AM","OverdueFlightCritical","106.00"
"6/30/2025 12:00:00 AM","StressCompliancePct","63.84"
"6/30/2025 12:00:00 AM","UnscheduledRatePct","36.77"
"7/31/2025 12:00:00 AM","HourCompliancePct","100.00"
"7/31/2025 12:00:00 AM","OverdueFlightCritical","96.00"
"7/31/2025 12:00:00 AM","StressCompliancePct","65.42"
"7/31/2025 12:00:00 AM","UnscheduledRatePct","35.92"
"8/31/2025 12:00:00 AM","HourCompliancePct","99.75"
"8/31/2025 12:00:00 AM","OverdueFlightCritical","106.00"
"8/31/2025 12:00:00 AM","StressCompliancePct","62.69"
"8/31/2025 12:00:00 AM","UnscheduledRatePct","36.51"
"9/30/2025 12:00:00 AM","HourCompliancePct","99.74"
"9/30/2025 12:00:00 AM","OverdueFlightCritical","100.00"
"9/30/2025 12:00:00 AM","StressCompliancePct","65.04"
"9/30/2025 12:00:00 AM","UnscheduledRatePct","35.80"
"10/31/2025 12:00:00 AM","HourCompliancePct","100.00"
"10/31/2025 12:00:00 AM","OverdueFlightCritical","85.00"
"10/31/2025 12:00:00 AM","StressCompliancePct","69.23"
"10/31/2025 12:00:00 AM","UnscheduledRatePct","33.59"
"11/30/2025 12:00:00 AM","HourCompliancePct","99.74"
"11/30/2025 12:00:00 AM","OverdueFlightCritical","98.00"
"11/30/2025 12:00:00 AM","StressCompliancePct","65.38"
"11/30/2025 12:00:00 AM","UnscheduledRatePct","33.59"
"12/31/2025 12:00:00 AM","HourCompliancePct","100.00"
"12/31/2025 12:00:00 AM","OverdueFlightCritical","107.00"
"12/31/2025 12:00:00 AM","StressCompliancePct","63.59"
"12/31/2025 12:00:00 AM","UnscheduledRatePct","33.46"
"1/31/2026 12:00:00 AM","HourCompliancePct","100.00"
"1/31/2026 12:00:00 AM","OverdueFlightCritical","96.00"
"1/31/2026 12:00:00 AM","StressCompliancePct","66.31"
"1/31/2026 12:00:00 AM","UnscheduledRatePct","32.68"
"2/28/2026 12:00:00 AM","HourCompliancePct","100.00"
"2/28/2026 12:00:00 AM","OverdueFlightCritical","90.00"
"2/28/2026 12:00:00 AM","StressCompliancePct","68.97"
"2/28/2026 12:00:00 AM","UnscheduledRatePct","32.90"
"3/31/2026 12:00:00 AM","HourCompliancePct","100.00"
"3/31/2026 12:00:00 AM","OverdueFlightCritical","77.00"
"3/31/2026 12:00:00 AM","StressCompliancePct","71.98"
"3/31/2026 12:00:00 AM","UnscheduledRatePct","34.09"
"4/30/2026 12:00:00 AM","HourCompliancePct","99.73"
"4/30/2026 12:00:00 AM","OverdueFlightCritical","80.00"
"4/30/2026 12:00:00 AM","StressCompliancePct","72.25"
"4/30/2026 12:00:00 AM","UnscheduledRatePct","34.17"
"5/31/2026 12:00:00 AM","HourCompliancePct","100.00"
"5/31/2026 12:00:00 AM","OverdueFlightCritical","83.00"
"5/31/2026 12:00:00 AM","StressCompliancePct","71.70"
"5/31/2026 12:00:00 AM","UnscheduledRatePct","33.86"
"6/30/2026 12:00:00 AM","HourCompliancePct","99.73"
"6/30/2026 12:00:00 AM","OverdueFlightCritical","98.00"
"6/30/2026 12:00:00 AM","StressCompliancePct","67.86"
"6/30/2026 12:00:00 AM","UnscheduledRatePct","34.92"
"7/31/2026 12:00:00 AM","HourCompliancePct","100.00"
"7/31/2026 12:00:00 AM","OverdueFlightCritical","89.00"
"7/31/2026 12:00:00 AM","StressCompliancePct","69.51"
"7/31/2026 12:00:00 AM","UnscheduledRatePct","36.82"
"8/31/2026 12:00:00 AM","HourCompliancePct","99.45"
"8/31/2026 12:00:00 AM","OverdueFlightCritical","96.00"
"8/31/2026 12:00:00 AM","StressCompliancePct","67.03"
"8/31/2026 12:00:00 AM","UnscheduledRatePct","36.19"
"9/30/2026 12:00:00 AM","HourCompliancePct","99.73"
"9/30/2026 12:00:00 AM","OverdueFlightCritical","90.00"
"9/30/2026 12:00:00 AM","StressCompliancePct","68.41"
"9/30/2026 12:00:00 AM","UnscheduledRatePct","36.13"
